Workbook

Sheet Instructions
A1: Interactive Product Development Dashboard — Instructions
A3: Overview
A4: This workbook provides an interactive overview of product development initiatives, including KPIs, timelines, budget performance, resource allocation, delivery comparisons, revenue impact, status waterfall, and risk heatmap.
A6: Sheets & Purpose
A7: • Executive Summary: Top-line KPIs and status overview, filter-responsive via Master Visible Flag.
A8: • Delivery: Scatter (Budget vs Schedule), Bubble (Priority vs Budget vs Delivery Status), Planned vs Actual Duration.
A9: • Budget: Initiative-level budget analysis and Product Line totals with charts.
A10: • Team: Resource allocation by team with table and distribution chart.
A11: • Revenue: Expected vs Actual revenue by initiative, ranking table, and Product Line totals.
A12: • Status Waterfall: Stacked horizontal breakdown of initiatives count by status per product line.
A13: • Risk Heatmap: Matrix of Budget variance (%) vs Schedule variance (days), color-coded counts.
A14: • Global Filters: Centralized dropdowns for Product Line, Status, Priority, Team, optional Start/End dates.
... A45: • If totals do not align, use Row/Column totals in Risk Heatmap and confirm numeric variances exist for visible rows.

Sheet Data
A1: Initiative ID | B1: Initiative Name | C1: Product Line | D1: Status | E1: Start Date | F1: Target Completion Date | G1: Actual Completion Date | H1: Assigned Team Size | I1: Budget Allocated | J1: Budget Spent | K1: Resource Utilization (%) | L1: Priority Level | M1: Expected Revenue Impact ($) | N1: Actual Revenue Impact ($) | O1: Progress % (heuristic) | P1: Assigned Team | Q1: Planned Duration (days) | R1: Actual Duration (days) | S1: Schedule Variance (days) | T1: Budget Variance ($) | U1: Budget Variance (%) | V1: On-time (Yes=1, No=0) | W1: Revenue Delta ($) | X1: Visible (Filter Flag) | AA1: Global Include | AB1: Master Visible Flag
A2: INIT0001 | B2: Analytics Suite - Feature 1 | C2: Analytics Suite | D2: Testing | E2: 44971 | F2: 45100 | H2: 8 | I2: 1000000 | J2: 617883 | K2: 77 | L2: Medium | M2: 5000000 | O2: 80 | P2: Team Alpha | Q2: 129 | T2: 382117 | U2: 38.2117 | V2: 0 | X2: 1 | AA2: =AND(OR('Global Filters'!$B$2="",EXACT(TRIM(C2),TRIM('Global Filters'!$B$2))),OR('Global Filters'!$B$3="",EXACT(TRIM(D2),TRIM('Global Filters'!$B$3))),OR('Global Filters'!$B$4="",EXACT(TRIM(L2),TRIM('Global Filters'!$B$4))),OR('Global Filters'!$B$5="",EXACT(TRIM(P2),TRIM('Global Filters'!$B$5))),OR('Global Filters'!$B$6="",E2>= 'Global Filters'!$B$6),OR('Global Filters'!$B$7="",F2<= 'Global Filters'!$B$7)) -> TRUE | AB2: =IF(AND(AA2,X2=1),1,0) -> 1
A3: INIT0002 | B3: Mobile App - Feature 2 | C3: Mobile App | D3: On Hold | E3: 45139 | F3: 45207 | H3: 12 | I3: 100000 | J3: 75327 | K3: 66 | L3: Low | M3: 100000 | O3: 25 | P3: Team Alpha | Q3: 68 | T3: 24673 | U3: 24.673 | V3: 0 | X3: 1 | AA3: =AND(OR('Global Filters'!$B$2="",EXACT(TRIM(C3),TRIM('Global Filters'!$B$2))),OR('Global Filters'!$B$3="",EXACT(TRIM(D3),TRIM('Global Filters'!$B$3))),OR('Global Filters'!$B$4="",EXACT(TRIM(L3),TRIM('Global Filters'!$B$4))),OR('Global Filters'!$B$5="",EXACT(TRIM(P3),TRIM('Global Filters'!$B$5))),OR('Global Filters'!$B$6="",E3>= 'Global Filters'!$B$6),OR('Global Filters'!$B$7="",F3<= 'Global Filters'!$B$7)) -> TRUE | AB3: =IF(AND(AA3,X3=1),1,0) -> 1
A4: INIT0003 | B4: Analytics Suite - Feature 3 | C4: Analytics Suite | D4: Planning | E4: 45103 | F4: 45238 | H4: 10 | I4: 250000 | J4: 151608 | K4: 96 | L4: Medium | M4: 5000000 | O4: 10 | P4: Team Epsilon | Q4: 135 | T4: 98392 | U4: 39.3568 | V4: 0 | X4: 1 | AA4: =AND(OR('Global Filters'!$B$2="",EXACT(TRIM(C4),TRIM('Global Filters'!$B$2))),OR('Global Filters'!$B$3="",EXACT(TRIM(D4),TRIM('Global Filters'!$B$3))),OR('Global Filters'!$B$4="",EXACT(TRIM(L4),TRIM('Global Filters'!$B$4))),OR('Global Filters'!$B$5="",EXACT(TRIM(P4),TRIM('Global Filters'!$B$5))),OR('Global Filters'!$B$6="",E4>= 'Global Filters'!$B$6),OR('Global Filters'!$B$7="",F4<= 'Global Filters'!$B$7)) -> TRUE | AB4: =IF(AND(AA4,X4=1),1,0) -> 1
A5: INIT0004 | B5: Mobile App - Feature 4 | C5: Mobile App | D5: In Development | E5: 45000 | F5: 45132 | H5: 8 | I5: 50000 | J5: 30831 | K5: 75 | L5: Medium | M5: 100000 | O5: 50 | P5: Team Delta | Q5: 132 | T5: 19169 | U5: 38.338 | V5: 0 | X5: 1 | AA5: =AND(OR('Global Filters'!$B$2="",EXACT(TRIM(C5),TRIM('Global Filters'!$B$2))),OR('Global Filters'!$B$3="",EXACT(TRIM(D5),TRIM('Global Filters'!$B$3))),OR('Global Filters'!$B$4="",EXACT(TRIM(L5),TRIM('Global Filters'!$B$4))),OR('Global Filters'!$B$5="",EXACT(TRIM(P5),TRIM('Global Filters'!$B$5))),OR('Global Filters'!$B$6="",E5>= 'Global Filters'!$B$6),OR('Global Filters'!$B$7="",F5<= 'Global Filters'!$B$7)) -> TRUE | AB5: =IF(AND(AA5,X5=1),1,0) -> 1
A6: INIT0005 | B6: Data Infrastructure - Feature 5 | C6: Data Infrastructure | D6: Testing | E6: 45099 | F6: 45206 | H6: 10 | I6: 250000 | J6: 131069 | K6: 66 | L6: Medium | M6: 500000 | O6: 80 | P6: Team Alpha | Q6: 107 | T6: 118931 | U6: 47.5724 | V6: 0 | X6: 1 | AA6: =AND(OR('Global Filters'!$B$2="",EXACT(TRIM(C6),TRIM('Global Filters'!$B$2))),OR('Global Filters'!$B$3="",EXACT(TRIM(D6),TRIM('Global Filters'!$B$3))),OR('Global Filters'!$B$4="",EXACT(TRIM(L6),TRIM('Global Filters'!$B$4))),OR('Global Filters'!$B$5="",EXACT(TRIM(P6),TRIM('Global Filters'!$B$5))),OR('Global Filters'!$B$6="",E6>= 'Global Filters'!$B$6),OR('Global Filters'!$B$7="",F6<= 'Global Filters'!$B$7)) -> TRUE | AB6: =IF(AND(AA6,X6=1),1,0) -> 1
A7: INIT0006 | B7: Web Platform - Feature 6 | C7: Web Platform | D7: Testing | E7: 45064 | F7: 45200 | H7: 6 | I7: 1000000 | J7: 816443 | K7: 88 | L7: Low | M7: 500000 | O7: 80 | P7: Team Gamma | Q7: 136 | T7: 183557 | U7: 18.3557 | V7: 0 | X7: 1 | AA7: =AND(OR('Global Filters'!$B$2="",EXACT(TRIM(C7),TRIM('Global Filters'!$B$2))),OR('Global Filters'!$B$3="",EXACT(TRIM(D7),TRIM('Global Filters'!$B$3))),OR('Global Filters'!$B$4="",EXACT(TRIM(L7),TRIM('Global Filters'!$B$4))),OR('Global Filters'!$B$5="",EXACT(TRIM(P7),TRIM('Global Filters'!$B$5))),OR('Global Filters'!$B$6="",E7>= 'Global Filters'!$B$6),OR('Global Filters'!$B$7="",F7<= 'Global Filters'!$B$7)) -> TRUE | AB7: =IF(AND(AA7,X7=1),1,0) -> 1
A8: INIT0007 | B8: Data Infrastructure - Feature 7 | C8: Data Infrastructure | D8: Launched | E8: 45190 | F8: 45260 | G8: 45263 | H8: 11 | I8: 500000 | J8: 204259 | K8: 96 | L8: Medium | M8: 100000 | N8: 62161 | O8: 100 | P8: Team Alpha | Q8: 70 | R8: 73 | S8: 3 | T8: 295741 | U8: 59.1482 | V8: 0 | W8: -37839 | X8: 1 | AA8: =AND(OR('Global Filters'!$B$2="",EXACT(TRIM(C8),TRIM('Global Filters'!$B$2))),OR('Global Filters'!$B$3="",EXACT(TRIM(D8),TRIM('Global Filters'!$B$3))),OR('Global Filters'!$B$4="",EXACT(TRIM(L8),TRIM('Global Filters'!$B$4))),OR('Global Filters'!$B$5="",EXACT(TRIM(P8),TRIM('Global Filters'!$B$5))),OR('Global Filters'!$B$6="",E8>= 'Global Filters'!$B$6),OR('Global Filters'!$B$7="",F8<= 'Global Filters'!$B$7)) -> TRUE | AB8: =IF(AND(AA8,X8=1),1,0) -> 1
A9: INIT0008 | B9: Web Platform - Feature 8 | C9: Web Platform | D9: Planning | E9: 45160 | F9: 45202 | H9: 7 | I9: 250000 | J9: 215926 | K9: 83 | L9: High | M9: 5000000 | O9: 10 | P9: Team Alpha | Q9: 42 | T9: 34074 | U9: 13.6296 | V9: 0 | X9: 1 | AA9: =AND(OR('Global Filters'!$B$2="",EXACT(TRIM(C9),TRIM('Global Filters'!$B$2))),OR('Global Filters'!$B$3="",EXACT(TRIM(D9),TRIM('Global Filters'!$B$3))),OR('Global Filters'!$B$4="",EXACT(TRIM(L9),TRIM('Global Filters'!$B$4))),OR('Global Filters'!$B$5="",EXACT(TRIM(P9),TRIM('Global Filters'!$B$5))),OR('Global Filters'!$B$6="",E9>= 'Global Filters'!$B$6),OR('Global Filters'!$B$7="",F9<= 'Global Filters'!$B$7)) -> TRUE | AB9: =IF(AND(AA9,X9=1),1,0) -> 1
A10: INIT0009 | B10: Analytics Suite - Feature 9 | C10: Analytics Suite | D10: Launched | E10: 45050 | F10: 45175 | G10: 45177 | H10: 10 | I10: 100000 | J10: 106841 | K10: 97 | L10: Critical | M10: 1000000 | N10: 740974 | O10: 100 | P10: Team Alpha | Q10: 125 | R10: 127 | S10: 2 | T10: -6841 | U10: -6.841 | V10: 0 | W10: -259026 | X10: 1 | AA10: =AND(OR('Global Filters'!$B$2="",EXACT(TRIM(C10),TRIM('Global Filters'!$B$2))),OR('Global Filters'!$B$3="",EXACT(TRIM(D10),TRIM('Global Filters'!$B$3))),OR('Global Filters'!$B$4="",EXACT(TRIM(L10),TRIM('Global Filters'!$B$4))),OR('Global Filters'!$B$5="",EXACT(TRIM(P10),TRIM('Global Filters'!$B$5))),OR('Global Filters'!$B$6="",E10>= 'Global Filters'!$B$6),OR('Global Filters'!$B$7="",F10<= 'Global Filters'!$B$7)) -> TRUE | AB10: =IF(AND(AA10,X10=1),1,0) -> 1
A11: INIT0010 | B11: API - Feature 10 | C11: API | D11: Planning | E11: 45124 | F11: 45166 | H11: 15 | I11: 100000 | J11: 98305 | K11: 73 | L11: Medium | M11: 500000 | O11: 10 | P11: Team Alpha | Q11: 42 | T11: 1695 | U11: 1.695 | V11: 0 | X11: 1 | AA11: =AND(OR('Global Filters'!$B$2="",EXACT(TRIM(C11),TRIM('Global Filters'!$B$2))),OR('Global Filters'!$B$3="",EXACT(TRIM(D11),TRIM('Global Filters'!$B$3))),OR('Global Filters'!$B$4="",EXACT(TRIM(L11),TRIM('Global Filters'!$B$4))),OR('Global Filters'!$B$5="",EXACT(TRIM(P11),TRIM('Global Filters'!$B$5))),OR('Global Filters'!$B$6="",E11>= 'Global Filters'!$B$6),OR('Global Filters'!$B$7="",F11<= 'Global Filters'!$B$7)) -> TRUE | AB11: =IF(AND(AA11,X11=1),1,0) -> 1
A12: INIT0011 | B12: Web Platform - Feature 11 | C12: Web Platform | D12: In Development | E12: 45189 | F12: 45224 | H12: 5 | I12: 50000 | J12: 33963 | K12: 71 | L12: Medium | M12: 100000 | O12: 50 | P12: Team Delta | Q12: 35 | T12: 16037 | U12: 32.074 | V12: 0 | X12: 1 | AA12: =AND(OR('Global Filters'!$B$2="",EXACT(TRIM(C12),TRIM('Global Filters'!$B$2))),OR('Global Filters'!$B$3="",EXACT(TRIM(D12),TRIM('Global Filters'!$B$3))),OR('Global Filters'!$B$4="",EXACT(TRIM(L12),TRIM('Global Filters'!$B$4))),OR('Global Filters'!$B$5="",EXACT(TRIM(P12),TRIM('Global Filters'!$B$5))),OR('Global Filters'!$B$6="",E12>= 'Global Filters'!$B$6),OR('Global Filters'!$B$7="",F12<= 'Global Filters'!$B$7)) -> TRUE | AB12: =IF(AND(AA12,X12=1),1,0) -> 1
A13: INIT0012 | B13: Web Platform - Feature 12 | C13: Web Platform | D13: Testing | E13: 45143 | F13: 45269 | H13: 6 | I13: 250000 | J13: 166799 | K13: 89 | L13: Medium | M13: 1000000 | O13: 80 | P13: Team Gamma | Q13: 126 | T13: 83201 | U13: 33.2804 | V13: 0 | X13: 1 | AA13: =AND(OR('Global Filters'!$B$2="",EXACT(TRIM(C13),TRIM('Global Filters'!$B$2))),OR('Global Filters'!$B$3="",EXACT(TRIM(D13),TRIM('Global Filters'!$B$3))),OR('Global Filters'!$B$4="",EXACT(TRIM(L13),TRIM('Global Filters'!$B$4))),OR('Global Filters'!$B$5="",EXACT(TRIM(P13),TRIM('Global Filters'!$B$5))),OR('Global Filters'!$B$6="",E13>= 'Global Filters'!$B$6),OR('Global Filters'!$B$7="",F13<= 'Global Filters'!$B$7)) -> TRUE | AB13: =IF(AND(AA13,X13=1),1,0) -> 1
A14: INIT0013 | B14: Analytics Suite - Feature 13 | C14: Analytics Suite | D14: On Hold | E14: 44979 | F14: 45010 | H14: 8 | I14: 1000000 | J14: 1099543 | K14: 95 | L14: Low | M14: 1000000 | O14: 25 | P14: Team Epsilon | Q14: 31 | T14: -99543 | U14: -9.9543 | V14: 0 | X14: 1 | AA14: =AND(OR('Global Filters'!$B$2="",EXACT(TRIM(C14),TRIM('Global Filters'!$B$2))),OR('Global Filters'!$B$3="",EXACT(TRIM(D14),TRIM('Global Filters'!$B$3))),OR('Global Filters'!$B$4="",EXACT(TRIM(L14),TRIM('Global Filters'!$B$4))),OR('Global Filters'!$B$5="",EXACT(TRIM(P14),TRIM('Global Filters'!$B$5))),OR('Global Filters'!$B$6="",E14>= 'Global Filters'!$B$6),OR('Global Filters'!$B$7="",F14<= 'Global Filters'!$B$7)) -> TRUE | AB14: =IF(AND(AA14,X14=1),1,0) -> 1
A15: INIT0014 | B15: API - Feature 14 | C15: API | D15: Planning | E15: 45099 | F15: 45199 | H15: 7 | I15: 250000 | J15: 247298 | K15: 79 | L15: Low | M15: 500000 | O15: 10 | P15: Team Alpha | Q15: 100 | T15: 2702 | U15: 1.0808 | V15: 0 | X15: 1 | AA15: =AND(OR('Global Filters'!$B$2="",EXACT(TRIM(C15),TRIM('Global Filters'!$B$2))),OR('Global Filters'!$B$3="",EXACT(TRIM(D15),TRIM('Global Filters'!$B$3))),OR('Global Filters'!$B$4="",EXACT(TRIM(L15),TRIM('Global Filters'!$B$4))),OR('Global Filters'!$B$5="",EXACT(TRIM(P15),TRIM('Global Filters'!$B$5))),OR('Global Filters'!$B$6="",E15>= 'Global Filters'!$B$6),OR('Global Filters'!$B$7="",F15<= 'Global Filters'!$B$7)) -> TRUE | AB15: =IF(AND(AA15,X15=1),1,0) -> 1
A16: INIT0015 | B16: Web Platform - Feature 15 | C16: Web Platform | D16: On Hold | E16: 45234 | F16: 45367 | H16: 14 | I16: 250000 | J16: 211151 | K16: 61 | L16: High | M16: 5000000 | O16: 25 | P16: Team Alpha | Q16: 133 | T16: 38849 | U16: 15.5396 | V16: 0 | X16: 1 | AA16: =AND(OR('Global Filters'!$B$2="",EXACT(TRIM(C16),TRIM('Global Filters'!$B$2))),OR('Global Filters'!$B$3="",EXACT(TRIM(D16),TRIM('Global Filters'!$B$3))),OR('Global Filters'!$B$4="",EXACT(TRIM(L16),TRIM('Global Filters'!$B$4))),OR('Global Filters'!$B$5="",EXACT(TRIM(P16),TRIM('Global Filters'!$B$5))),OR('Global Filters'!$B$6="",E16>= 'Global Filters'!$B$6),OR('Global Filters'!$B$7="",F16<= 'Global Filters'!$B$7)) -> TRUE | AB16: =IF(AND(AA16,X16=1),1,0) -> 1
A17: INIT0016 | B17: API - Feature 16 | C17: API | D17: Testing | E17: 45125 | F17: 45164 | H17: 12 | I17: 1000000 | J17: 866455 | K17: 72 | L17: Low | M17: 1000000 | O17: 80 | P17: Team Delta | Q17: 39 | T17: 133545 | U17: 13.3545 | V17: 0 | X17: 1 | AA17: =AND(OR('Global Filters'!$B$2="",EXACT(TRIM(C17),TRIM('Global Filters'!$B$2))),OR('Global Filters'!$B$3="",EXACT(TRIM(D17),TRIM('Global Filters'!$B$3))),OR('Global Filters'!$B$4="",EXACT(TRIM(L17),TRIM('Global Filters'!$B$4))),OR('Global Filters'!$B$5="",EXACT(TRIM(P17),TRIM('Global Filters'!$B$5))),OR('Global Filters'!$B$6="",E17>= 'Global Filters'!$B$6),OR('Global Filters'!$B$7="",F17<= 'Global Filters'!$B$7)) -> TRUE | AB17: =IF(AND(AA17,X17=1),1,0) -> 1
A18: INIT0017 | B18: Web Platform - Feature 17 | C18: Web Platform | D18: On Hold | E18: 45186 | F18: 45292 | H18: 11 | I18: 100000 | J18: 97251 | K18: 71 | L18: Low | M18: 1000000 | O18: 25 | P18: Team Gamma | Q18: 106 | T18: 2749 | U18: 2.749 | V18: 0 | X18: 1 | AA18: =AND(OR('Global Filters'!$B$2="",EXACT(TRIM(C18),TRIM('Global Filters'!$B$2))),OR('Global Filters'!$B$3="",EXACT(TRIM(D18),TRIM('Global Filters'!$B$3))),OR('Global Filters'!$B$4="",EXACT(TRIM(L18),TRIM('Global Filters'!$B$4))),OR('Global Filters'!$B$5="",EXACT(TRIM(P18),TRIM('Global Filters'!$B$5))),OR('Global Filters'!$B$6="",E18>= 'Global Filters'!$B$6),OR('Global Filters'!$B$7="",F18<= 'Global Filters'!$B$7)) -> TRUE | AB18: =IF(AND(AA18,X18=1),1,0) -> 1
A19: INIT0018 | B19: Mobile App - Feature 18 | C19: Mobile App | D19: Launched | E19: 45213 | F19: 45289 | G19: 45315 | H19: 6 | I19: 50000 | J19: 23890 | K19: 79 | L19: High | M19: 5000000 | N19: 5258316 | O19: 100 | P19: Team Gamma | Q19: 76 | R19: 102 | S19: 26 | T19: 26110 | U19: 52.22 | V19: 0 | W19: 258316 | X19: 1 | AA19: =AND(OR('Global Filters'!$B$2="",EXACT(TRIM(C19),TRIM('Global Filters'!$B$2))),OR('Global Filters'!$B$3="",EXACT(TRIM(D19),TRIM('Global Filters'!$B$3))),OR('Global Filters'!$B$4="",EXACT(TRIM(L19),TRIM('Global Filters'!$B$4))),OR('Global Filters'!$B$5="",EXACT(TRIM(P19),TRIM('Global Filters'!$B$5))),OR('Global Filters'!$B$6="",E19>= 'Global Filters'!$B$6),OR('Global Filters'!$B$7="",F19<= 'Global Filters'!$B$7)) -> TRUE | AB19: =IF(AND(AA19,X19=1),1,0) -> 1
A20: INIT0019 | B20: API - Feature 19 | C20: API | D20: Testing | E20: 45077 | F20: 45225 | H20: 13 | I20: 50000 | J20: 33821 | K20: 97 | L20: Medium | M20: 100000 | O20: 80 | P20: Team Epsilon | Q20: 148 | T20: 16179 | U20: 32.358 | V20: 0 | X20: 1 | AA20: =AND(OR('Global Filters'!$B$2="",EXACT(TRIM(C20),TRIM('Global Filters'!$B$2))),OR('Global Filters'!$B$3="",EXACT(TRIM(D20),TRIM('Global Filters'!$B$3))),OR('Global Filters'!$B$4="",EXACT(TRIM(L20),TRIM('Global Filters'!$B$4))),OR('Global Filters'!$B$5="",EXACT(TRIM(P20),TRIM('Global Filters'!$B$5))),OR('Global Filters'!$B$6="",E20>= 'Global Filters'!$B$6),OR('Global Filters'!$B$7="",F20<= 'Global Filters'!$B$7)) -> TRUE | AB20: =IF(AND(AA20,X20=1),1,0) -> 1
A21: INIT0020 | B21: Data Infrastructure - Feature 20 | C21: Data Infrastructure | D21: In Development | E21: 45198 | F21: 45304 | H21: 5 | I21: 500000 | J21: 171624 | K21: 68 | L21: Critical | M21: 500000 | O21: 50 | P21: Team Delta | Q21: 106 | T21: 328376 | U21: 65.6752 | V21: 0 | X21: 1 | AA21: =AND(OR('Global Filters'!$B$2="",EXACT(TRIM(C21),TRIM('Global Filters'!$B$2))),OR('Global Filters'!$B$3="",EXACT(TRIM(D21),TRIM('Global Filters'!$B$3))),OR('Global Filters'!$B$4="",EXACT(TRIM(L21),TRIM('Global Filters'!$B$4))),OR('Global Filters'!$B$5="",EXACT(TRIM(P21),TRIM('Global Filters'!$B$5))),OR('Global Filters'!$B$6="",E21>= 'Global Filters'!$B$6),OR('Global Filters'!$B$7="",F21<= 'Global Filters'!$B$7)) -> TRUE | AB21: =IF(AND(AA21,X21=1),1,0) -> 1
A22: INIT0021 | B22: API - Feature 21 | C22: API | D22: Launched | E22: 45088 | F22: 45164 | G22: 45200 | H22: 5 | I22: 250000 | J22: 201206 | K22: 80 | L22: Low | M22: 100000 | N22: 50329 | O22: 100 | P22: Team Beta | Q22: 76 | R22: 112 | S22: 36 | T22: 48794 | U22: 19.5176 | V22: 0 | W22: -49671 | X22: 1 | AA22: =AND(OR('Global Filters'!$B$2="",EXACT(TRIM(C22),TRIM('Global Filters'!$B$2))),OR('Global Filters'!$B$3="",EXACT(TRIM(D22),TRIM('Global Filters'!$B$3))),OR('Global Filters'!$B$4="",EXACT(TRIM(L22),TRIM('Global Filters'!$B$4))),OR('Global Filters'!$B$5="",EXACT(TRIM(P22),TRIM('Global Filters'!$B$5))),OR('Global Filters'!$B$6="",E22>= 'Global Filters'!$B$6),OR('Global Filters'!$B$7="",F22<= 'Global Filters'!$B$7)) -> TRUE | AB22: =IF(AND(AA22,X22=1),1,0) -> 1
A23: INIT0022 | B23: API - Feature 22 | C23: API | D23: In Development | E23: 45008 | F23: 45163 | H23: 9 | I23: 50000 | J23: 20176 | K23: 100 | L23: High | M23: 5000000 | O23: 50 | P23: Team Epsilon | Q23: 155 | T23: 29824 | U23: 59.648 | V23: 0 | X23: 1 | AA23: =AND(OR('Global Filters'!$B$2="",EXACT(TRIM(C23),TRIM('Global Filters'!$B$2))),OR('Global Filters'!$B$3="",EXACT(TRIM(D23),TRIM('Global Filters'!$B$3))),OR('Global Filters'!$B$4="",EXACT(TRIM(L23),TRIM('Global Filters'!$B$4))),OR('Global Filters'!$B$5="",EXACT(TRIM(P23),TRIM('Global Filters'!$B$5))),OR('Global Filters'!$B$6="",E23>= 'Global Filters'!$B$6),OR('Global Filters'!$B$7="",F23<= 'Global Filters'!$B$7)) -> TRUE | AB23: =IF(AND(AA23,X23=1),1,0) -> 1
A24: INIT0023 | B24: Data Infrastructure - Feature 23 | C24: Data Infrastructure | D24: Launched | E24: 44929 | F24: 44968 | G24: 44968 | H24: 15 | I24: 50000 | J24: 50680 | K24: 93 | L24: Low | M24: 500000 | N24: 256270 | O24: 100 | P24: Team Delta | Q24: 39 | R24: 39 | S24: 0 | T24: -680 | U24: -1.36 | V24: 1 | W24: -243730 | X24: 1 | AA24: =AND(OR('Global Filters'!$B$2="",EXACT(TRIM(C24),TRIM('Global Filters'!$B$2))),OR('Global Filters'!$B$3="",EXACT(TRIM(D24),TRIM('Global Filters'!$B$3))),OR('Global Filters'!$B$4="",EXACT(TRIM(L24),TRIM('Global Filters'!$B$4))),OR('Global Filters'!$B$5="",EXACT(TRIM(P24),TRIM('Global Filters'!$B$5))),OR('Global Filters'!$B$6="",E24>= 'Global Filters'!$B$6),OR('Global Filters'!$B$7="",F24<= 'Global Filters'!$B$7)) -> TRUE | AB24: =IF(AND(AA24,X24=1),1,0) -> 1
A25: INIT0024 | B25: Mobile App - Feature 24 | C25: Mobile App | D25: In Development | E25: 45086 | F25: 45149 | H25: 12 | I25: 50000 | J25: 30342 | K25: 79 | L25: High | M25: 500000 | O25: 50 | P25: Team Gamma | Q25: 63 | T25: 19658 | U25: 39.316 | V25: 0 | X25: 1 | AA25: =AND(OR('Global Filters'!$B$2="",EXACT(TRIM(C25),TRIM('Global Filters'!$B$2))),OR('Global Filters'!$B$3="",EXACT(TRIM(D25),TRIM('Global Filters'!$B$3))),OR('Global Filters'!$B$4="",EXACT(TRIM(L25),TRIM('Global Filters'!$B$4))),OR('Global Filters'!$B$5="",EXACT(TRIM(P25),TRIM('Global Filters'!$B$5))),OR('Global Filters'!$B$6="",E25>= 'Global Filters'!$B$6),OR('Global Filters'!$B$7="",F25<= 'Global Filters'!$B$7)) -> TRUE | AB25: =IF(AND(AA25,X25=1),1,0) -> 1
A26: INIT0025 | B26: Mobile App - Feature 25 | C26: Mobile App | D26: Planning | E26: 45160 | F26: 45323 | H26: 9 | I26: 1000000 | J26: 719294 | K26: 68 | L26: Medium | M26: 1000000 | O26: 10 | P26: Team Gamma | Q26: 163 | T26: 280706 | U26: 28.0706 | V26: 0 | X26: 1 | AA26: =AND(OR('Global Filters'!$B$2="",EXACT(TRIM(C26),TRIM('Global Filters'!$B$2))),OR('Global Filters'!$B$3="",EXACT(TRIM(D26),TRIM('Global Filters'!$B$3))),OR('Global Filters'!$B$4="",EXACT(TRIM(L26),TRIM('Global Filters'!$B$4))),OR('Global Filters'!$B$5="",EXACT(TRIM(P26),TRIM('Global Filters'!$B$5))),OR('Global Filters'!$B$6="",E26>= 'Global Filters'!$B$6),OR('Global Filters'!$B$7="",F26<= 'Global Filters'!$B$7)) -> TRUE | AB26: =IF(AND(AA26,X26=1),1,0) -> 1
A27: INIT0026 | B27: Data Infrastructure - Feature 26 | C27: Data Infrastructure | D27: Testing | E27: 45133 | F27: 45167 | H27: 5 | I27: 100000 | J27: 47945 | K27: 73 | L27: High | M27: 100000 | O27: 80 | P27: Team Beta | Q27: 34 | T27: 52055 | U27: 52.055 | V27: 0 | X27: 1 | AA27: =AND(OR('Global Filters'!$B$2="",EXACT(TRIM(C27),TRIM('Global Filters'!$B$2))),OR('Global Filters'!$B$3="",EXACT(TRIM(D27),TRIM('Global Filters'!$B$3))),OR('Global Filters'!$B$4="",EXACT(TRIM(L27),TRIM('Global Filters'!$B$4))),OR('Global Filters'!$B$5="",EXACT(TRIM(P27),TRIM('Global Filters'!$B$5))),OR('Global Filters'!$B$6="",E27>= 'Global Filters'!$B$6),OR('Global Filters'!$B$7="",F27<= 'Global Filters'!$B$7)) -> TRUE | AB27: =IF(AND(AA27,X27=1),1,0) -> 1
A28: INIT0027 | B28: Analytics Suite - Feature 27 | C28: Analytics Suite | D28: On Hold | E28: 45114 | F28: 45153 | H28: 7 | I28: 500000 | J28: 500617 | K28: 94 | L28: High | M28: 100000 | O28: 25 | P28: Team Alpha | Q28: 39 | T28: -617 | U28: -0.1234 | V28: 0 | X28: 1 | AA28: =AND(OR('Global Filters'!$B$2="",EXACT(TRIM(C28),TRIM('Global Filters'!$B$2))),OR('Global Filters'!$B$3="",EXACT(TRIM(D28),TRIM('Global Filters'!$B$3))),OR('Global Filters'!$B$4="",EXACT(TRIM(L28),TRIM('Global Filters'!$B$4))),OR('Global Filters'!$B$5="",EXACT(TRIM(P28),TRIM('Global Filters'!$B$5))),OR('Global Filters'!$B$6="",E28>= 'Global Filters'!$B$6),OR('Global Filters'!$B$7="",F28<= 'Global Filters'!$B$7)) -> TRUE | AB28: =IF(AND(AA28,X28=1),1,0) -> 1
A29: INIT0028 | B29: Analytics Suite - Feature 28 | C29: Analytics Suite | D29: Planning | E29: 44951 | F29: 45010 | H29: 4 | I29: 500000 | J29: 327725 | K29: 95 | L29: Critical | M29: 1000000 | O29: 10 | P29: Team Alpha | Q29: 59 | T29: 172275 | U29: 34.455 | V29: 0 | X29: 1 | AA29: =AND(OR('Global Filters'!$B$2="",EXACT(TRIM(C29),TRIM('Global Filters'!$B$2))),OR('Global Filters'!$B$3="",EXACT(TRIM(D29),TRIM('Global Filters'!$B$3))),OR('Global Filters'!$B$4="",EXACT(TRIM(L29),TRIM('Global Filters'!$B$4))),OR('Global Filters'!$B$5="",EXACT(TRIM(P29),TRIM('Global Filters'!$B$5))),OR('Global Filters'!$B$6="",E29>= 'Global Filters'!$B$6),OR('Global Filters'!$B$7="",F29<= 'Global Filters'!$B$7)) -> TRUE | AB29: =IF(AND(AA29,X29=1),1,0) -> 1
A30: INIT0029 | B30: Data Infrastructure - Feature 29 | C30: Data Infrastructure | D30: In Development | E30: 45081 | F30: 45218 | H30: 7 | I30: 50000 | J30: 41499 | K30: 99 | L30: High | M30: 500000 | O30: 50 | P30: Team Alpha | Q30: 137 | T30: 8501 | U30: 17.002 | V30: 0 | X30: 1 | AA30: =AND(OR('Global Filters'!$B$2="",EXACT(TRIM(C30),TRIM('Global Filters'!$B$2))),OR('Global Filters'!$B$3="",EXACT(TRIM(D30),TRIM('Global Filters'!$B$3))),OR('Global Filters'!$B$4="",EXACT(TRIM(L30),TRIM('Global Filters'!$B$4))),OR('Global Filters'!$B$5="",EXACT(TRIM(P30),TRIM('Global Filters'!$B$5))),OR('Global Filters'!$B$6="",E30>= 'Global Filters'!$B$6),OR('Global Filters'!$B$7="",F30<= 'Global Filters'!$B$7)) -> TRUE | AB30: =IF(AND(AA30,X30=1),1,0) -> 1
A31: INIT0030 | B31: Data Infrastructure - Feature 30 | C31: Data Infrastructure | D31: Planning | E31: 44985 | F31: 45042 | H31: 6 | I31: 500000 | J31: 229458 | K31: 76 | L31: Critical | M31: 500000 | O31: 10 | P31: Team Gamma | Q31: 57 | T31: 270542 | U31: 54.1084 | V31: 0 | X31: 1 | AA31: =AND(OR('Global Filters'!$B$2="",EXACT(TRIM(C31),TRIM('Global Filters'!$B$2))),OR('Global Filters'!$B$3="",EXACT(TRIM(D31),TRIM('Global Filters'!$B$3))),OR('Global Filters'!$B$4="",EXACT(TRIM(L31),TRIM('Global Filters'!$B$4))),OR('Global Filters'!$B$5="",EXACT(TRIM(P31),TRIM('Global Filters'!$B$5))),OR('Global Filters'!$B$6="",E31>= 'Global Filters'!$B$6),OR('Global Filters'!$B$7="",F31<= 'Global Filters'!$B$7)) -> TRUE | AB31: =IF(AND(AA31,X31=1),1,0) -> 1
A32: INIT0031 | B32: API - Feature 31 | C32: API | D32: Launched | E32: 44947 | F32: 45117 | G32: 45115 | H32: 3 | I32: 500000 | J32: 282241 | K32: 60 | L32: Medium | M32: 100000 | N32: 113481 | O32: 100 | P32: Team Beta | Q32: 170 | R32: 168 | S32: -2 | T32: 217759 | U32: 43.5518 | V32: 1 | W32: 13481 | X32: 1 | AA32: =AND(OR('Global Filters'!$B$2="",EXACT(TRIM(C32),TRIM('Global Filters'!$B$2))),OR('Global Filters'!$B$3="",EXACT(TRIM(D32),TRIM('Global Filters'!$B$3))),OR('Global Filters'!$B$4="",EXACT(TRIM(L32),TRIM('Global Filters'!$B$4))),OR('Global Filters'!$B$5="",EXACT(TRIM(P32),TRIM('Global Filters'!$B$5))),OR('Global Filters'!$B$6="",E32>= 'Global Filters'!$B$6),OR('Global Filters'!$B$7="",F32<= 'Global Filters'!$B$7)) -> TRUE | AB32: =IF(AND(AA32,X32=1),1,0) -> 1
A33: INIT0032 | B33: Analytics Suite - Feature 32 | C33: Analytics Suite | D33: Launched | E33: 45188 | F33: 45237 | G33: 45248 | H33: 10 | I33: 250000 | J33: 203867 | K33: 78 | L33: High | M33: 1000000 | N33: 824994 | O33: 100 | P33: Team Alpha | Q33: 49 | R33: 60 | S33: 11 | T33: 46133 | U33: 18.4532 | V33: 0 | W33: -175006 | X33: 1 | AA33: =AND(OR('Global Filters'!$B$2="",EXACT(TRIM(C33),TRIM('Global Filters'!$B$2))),OR('Global Filters'!$B$3="",EXACT(TRIM(D33),TRIM('Global Filters'!$B$3))),OR('Global Filters'!$B$4="",EXACT(TRIM(L33),TRIM('Global Filters'!$B$4))),OR('Global Filters'!$B$5="",EXACT(TRIM(P33),TRIM('Global Filters'!$B$5))),OR('Global Filters'!$B$6="",E33>= 'Global Filters'!$B$6),OR('Global Filters'!$B$7="",F33<= 'Global Filters'!$B$7)) -> TRUE | AB33: =IF(AND(AA33,X33=1),1,0) -> 1
A34: INIT0033 | B34: Mobile App - Feature 33 | C34: Mobile App | D34: In Development | E34: 45111 | F34: 45221 | H34: 4 | I34: 500000 | J34: 445416 | K34: 62 | L34: Critical | M34: 100000 | O34: 50 | P34: Team Gamma | Q34: 110 | T34: 54584 | U34: 10.9168 | V34: 0 | X34: 1 | AA34: =AND(OR('Global Filters'!$B$2="",EXACT(TRIM(C34),TRIM('Global Filters'!$B$2))),OR('Global Filters'!$B$3="",EXACT(TRIM(D34),TRIM('Global Filters'!$B$3))),OR('Global Filters'!$B$4="",EXACT(TRIM(L34),TRIM('Global Filters'!$B$4))),OR('Global Filters'!$B$5="",EXACT(TRIM(P34),TRIM('Global Filters'!$B$5))),OR('Global Filters'!$B$6="",E34>= 'Global Filters'!$B$6),OR('Global Filters'!$B$7="",F34<= 'Global Filters'!$B$7)) -> TRUE | AB34: =IF(AND(AA34,X34=1),1,0) -> 1
A35: INIT0034 | B35: Web Platform - Feature 34 | C35: Web Platform | D35: In Development | E35: 45151 | F35: 45249 | H35: 8 | I35: 50000 | J35: 29904 | K35: 71 | L35: Medium | M35: 100000 | O35: 50 | P35: Team Gamma | Q35: 98 | T35: 20096 | U35: 40.192 | V35: 0 | X35: 1 | AA35: =AND(OR('Global Filters'!$B$2="",EXACT(TRIM(C35),TRIM('Global Filters'!$B$2))),OR('Global Filters'!$B$3="",EXACT(TRIM(D35),TRIM('Global Filters'!$B$3))),OR('Global Filters'!$B$4="",EXACT(TRIM(L35),TRIM('Global Filters'!$B$4))),OR('Global Filters'!$B$5="",EXACT(TRIM(P35),TRIM('Global Filters'!$B$5))),OR('Global Filters'!$B$6="",E35>= 'Global Filters'!$B$6),OR('Global Filters'!$B$7="",F35<= 'Global Filters'!$B$7)) -> TRUE | AB35: =IF(AND(AA35,X35=1),1,0) -> 1
A36: INIT0035 | B36: Data Infrastructure - Feature 35 | C36: Data Infrastructure | D36: Launched | E36: 45124 | F36: 45276 | G36: 45322 | H36: 14 | I36: 100000 | J36: 39044 | K36: 63 | L36: Low | M36: 500000 | N36: 286299 | O36: 100 | P36: Team Gamma | Q36: 152 | R36: 198 | S36: 46 | T36: 60956 | U36: 60.956 | V36: 0 | W36: -213701 | X36: 1 | AA36: =AND(OR('Global Filters'!$B$2="",EXACT(TRIM(C36),TRIM('Global Filters'!$B$2))),OR('Global Filters'!$B$3="",EXACT(TRIM(D36),TRIM('Global Filters'!$B$3))),OR('Global Filters'!$B$4="",EXACT(TRIM(L36),TRIM('Global Filters'!$B$4))),OR('Global Filters'!$B$5="",EXACT(TRIM(P36),TRIM('Global Filters'!$B$5))),OR('Global Filters'!$B$6="",E36>= 'Global Filters'!$B$6),OR('Global Filters'!$B$7="",F36<= 'Global Filters'!$B$7)) -> TRUE | AB36: =IF(AND(AA36,X36=1),1,0) -> 1
A37: INIT0036 | B37: Analytics Suite - Feature 36 | C37: Analytics Suite | D37: Launched | E37: 45239 | F37: 45366 | G37: 45410 | H37: 14 | I37: 50000 | J37: 49503 | K37: 68 | L37: Low | M37: 5000000 | N37: 5721392 | O37: 100 | P37: Team Beta | Q37: 127 | R37: 171 | S37: 44 | T37: 497 | U37: 0.994 | V37: 0 | W37: 721392 | X37: 1 | AA37: =AND(OR('Global Filters'!$B$2="",EXACT(TRIM(C37),TRIM('Global Filters'!$B$2))),OR('Global Filters'!$B$3="",EXACT(TRIM(D37),TRIM('Global Filters'!$B$3))),OR('Global Filters'!$B$4="",EXACT(TRIM(L37),TRIM('Global Filters'!$B$4))),OR('Global Filters'!$B$5="",EXACT(TRIM(P37),TRIM('Global Filters'!$B$5))),OR('Global Filters'!$B$6="",E37>= 'Global Filters'!$B$6),OR('Global Filters'!$B$7="",F37<= 'Global Filters'!$B$7)) -> TRUE | AB37: =IF(AND(AA37,X37=1),1,0) -> 1
A38: INIT0037 | B38: Mobile App - Feature 37 | C38: Mobile App | D38: Launched | E38: 44959 | F38: 45055 | G38: 45050 | H38: 12 | I38: 1000000 | J38: 914022 | K38: 96 | L38: Low | M38: 500000 | N38: 592263 | O38: 100 | P38: Team Alpha | Q38: 96 | R38: 91 | S38: -5 | T38: 85978 | U38: 8.5978 | V38: 1 | W38: 92263 | X38: 1 | AA38: =AND(OR('Global Filters'!$B$2="",EXACT(TRIM(C38),TRIM('Global Filters'!$B$2))),OR('Global Filters'!$B$3="",EXACT(TRIM(D38),TRIM('Global Filters'!$B$3))),OR('Global Filters'!$B$4="",EXACT(TRIM(L38),TRIM('Global Filters'!$B$4))),OR('Global Filters'!$B$5="",EXACT(TRIM(P38),TRIM('Global Filters'!$B$5))),OR('Global Filters'!$B$6="",E38>= 'Global Filters'!$B$6),OR('Global Filters'!$B$7="",F38<= 'Global Filters'!$B$7)) -> TRUE | AB38: =IF(AND(AA38,X38=1),1,0) -> 1
A39: INIT0038 | B39: API - Feature 38 | C39: API | D39: On Hold | E39: 45265 | F39: 45358 | H39: 13 | I39: 500000 | J39: 288299 | K39: 84 | L39: Critical | M39: 500000 | O39: 25 | P39: Team Delta | Q39: 93 | T39: 211701 | U39: 42.3402 | V39: 0 | X39: 1 | AA39: =AND(OR('Global Filters'!$B$2="",EXACT(TRIM(C39),TRIM('Global Filters'!$B$2))),OR('Global Filters'!$B$3="",EXACT(TRIM(D39),TRIM('Global Filters'!$B$3))),OR('Global Filters'!$B$4="",EXACT(TRIM(L39),TRIM('Global Filters'!$B$4))),OR('Global Filters'!$B$5="",EXACT(TRIM(P39),TRIM('Global Filters'!$B$5))),OR('Global Filters'!$B$6="",E39>= 'Global Filters'!$B$6),OR('Global Filters'!$B$7="",F39<= 'Global Filters'!$B$7)) -> TRUE | AB39: =IF(AND(AA39,X39=1),1,0) -> 1
A40: INIT0039 | B40: Analytics Suite - Feature 39 | C40: Analytics Suite | D40: On Hold | E40: 45256 | F40: 45326 | H40: 10 | I40: 1000000 | J40: 979076 | K40: 70 | L40: Critical | M40: 100000 | O40: 25 | P40: Team Alpha | Q40: 70 | T40: 20924 | U40: 2.0924 | V40: 0 | X40: 1 | AA40: =AND(OR('Global Filters'!$B$2="",EXACT(TRIM(C40),TRIM('Global Filters'!$B$2))),OR('Global Filters'!$B$3="",EXACT(TRIM(D40),TRIM('Global Filters'!$B$3))),OR('Global Filters'!$B$4="",EXACT(TRIM(L40),TRIM('Global Filters'!$B$4))),OR('Global Filters'!$B$5="",EXACT(TRIM(P40),TRIM('Global Filters'!$B$5))),OR('Global Filters'!$B$6="",E40>= 'Global Filters'!$B$6),OR('Global Filters'!$B$7="",F40<= 'Global Filters'!$B$7)) -> TRUE | AB40: =IF(AND(AA40,X40=1),1,0) -> 1
A41: INIT0040 | B41: Data Infrastructure - Feature 40 | C41: Data Infrastructure | D41: Testing | E41: 45069 | F41: 45111 | H41: 13 | I41: 1000000 | J41: 478165 | K41: 84 | L41: High | M41: 5000000 | O41: 80 | P41: Team Gamma | Q41: 42 | T41: 521835 | U41: 52.1835 | V41: 0 | X41: 1 | AA41: =AND(OR('Global Filters'!$B$2="",EXACT(TRIM(C41),TRIM('Global Filters'!$B$2))),OR('Global Filters'!$B$3="",EXACT(TRIM(D41),TRIM('Global Filters'!$B$3))),OR('Global Filters'!$B$4="",EXACT(TRIM(L41),TRIM('Global Filters'!$B$4))),OR('Global Filters'!$B$5="",EXACT(TRIM(P41),TRIM('Global Filters'!$B$5))),OR('Global Filters'!$B$6="",E41>= 'Global Filters'!$B$6),OR('Global Filters'!$B$7="",F41<= 'Global Filters'!$B$7)) -> TRUE | AB41: =IF(AND(AA41,X41=1),1,0) -> 1
A42: INIT0041 | B42: Web Platform - Feature 41 | C42: Web Platform | D42: Planning | E42: 45220 | F42: 45364 | H42: 10 | I42: 50000 | J42: 49263 | K42: 80 | L42: Low | M42: 100000 | O42: 10 | P42: Team Delta | Q42: 144 | T42: 737 | U42: 1.474 | V42: 0 | X42: 1 | AA42: =AND(OR('Global Filters'!$B$2="",EXACT(TRIM(C42),TRIM('Global Filters'!$B$2))),OR('Global Filters'!$B$3="",EXACT(TRIM(D42),TRIM('Global Filters'!$B$3))),OR('Global Filters'!$B$4="",EXACT(TRIM(L42),TRIM('Global Filters'!$B$4))),OR('Global Filters'!$B$5="",EXACT(TRIM(P42),TRIM('Global Filters'!$B$5))),OR('Global Filters'!$B$6="",E42>= 'Global Filters'!$B$6),OR('Global Filters'!$B$7="",F42<= 'Global Filters'!$B$7)) -> TRUE | AB42: =IF(AND(AA42,X42=1),1,0) -> 1
A43: INIT0042 | B43: Data Infrastructure - Feature 42 | C43: Data Infrastructure | D43: Planning | E43: 45138 | F43: 45177 | H43: 4 | I43: 1000000 | J43: 739279 | K43: 98 | L43: Critical | M43: 1000000 | O43: 10 | P43: Team Delta | Q43: 39 | T43: 260721 | U43: 26.0721 | V43: 0 | X43: 1 | AA43: =AND(OR('Global Filters'!$B$2="",EXACT(TRIM(C43),TRIM('Global Filters'!$B$2))),OR('Global Filters'!$B$3="",EXACT(TRIM(D43),TRIM('Global Filters'!$B$3))),OR('Global Filters'!$B$4="",EXACT(TRIM(L43),TRIM('Global Filters'!$B$4))),OR('Global Filters'!$B$5="",EXACT(TRIM(P43),TRIM('Global Filters'!$B$5))),OR('Global Filters'!$B$6="",E43>= 'Global Filters'!$B$6),OR('Global Filters'!$B$7="",F43<= 'Global Filters'!$B$7)) -> TRUE | AB43: =IF(AND(AA43,X43=1),1,0) -> 1
A44: INIT0043 | B44: Analytics Suite - Feature 43 | C44: Analytics Suite | D44: On Hold | E44: 45101 | F44: 45224 | H44: 10 | I44: 50000 | J44: 47663 | K44: 81 | L44: High | M44: 5000000 | O44: 25 | P44: Team Delta | Q44: 123 | T44: 2337 | U44: 4.674 | V44: 0 | X44: 1 | AA44: =AND(OR('Global Filters'!$B$2="",EXACT(TRIM(C44),TRIM('Global Filters'!$B$2))),OR('Global Filters'!$B$3="",EXACT(TRIM(D44),TRIM('Global Filters'!$B$3))),OR('Global Filters'!$B$4="",EXACT(TRIM(L44),TRIM('Global Filters'!$B$4))),OR('Global Filters'!$B$5="",EXACT(TRIM(P44),TRIM('Global Filters'!$B$5))),OR('Global Filters'!$B$6="",E44>= 'Global Filters'!$B$6),OR('Global Filters'!$B$7="",F44<= 'Global Filters'!$B$7)) -> TRUE | AB44: =IF(AND(AA44,X44=1),1,0) -> 1
A45: INIT0044 | B45: API - Feature 44 | C45: API | D45: Launched | E45: 45264 | F45: 45350 | G45: 45350 | H45: 8 | I45: 250000 | J45: 184538 | K45: 66 | L45: Critical | M45: 100000 | N45: 112781 | O45: 100 | P45: Team Alpha | Q45: 86 | R45: 86 | S45: 0 | T45: 65462 | U45: 26.1848 | V45: 1 | W45: 12781 | X45: 1 | AA45: =AND(OR('Global Filters'!$B$2="",EXACT(TRIM(C45),TRIM('Global Filters'!$B$2))),OR('Global Filters'!$B$3="",EXACT(TRIM(D45),TRIM('Global Filters'!$B$3))),OR('Global Filters'!$B$4="",EXACT(TRIM(L45),TRIM('Global Filters'!$B$4))),OR('Global Filters'!$B$5="",EXACT(TRIM(P45),TRIM('Global Filters'!$B$5))),OR('Global Filters'!$B$6="",E45>= 'Global Filters'!$B$6),OR('Global Filters'!$B$7="",F45<= 'Global Filters'!$B$7)) -> TRUE | AB45: =IF(AND(AA45,X45=1),1,0) -> 1
A46: INIT0045 | B46: Data Infrastructure - Feature 45 | C46: Data Infrastructure | D46: In Development | E46: 45057 | F46: 45137 | H46: 9 | I46: 100000 | J46: 39659 | K46: 73 | L46: Low | M46: 5000000 | O46: 50 | P46: Team Alpha | Q46: 80 | T46: 60341 | U46: 60.341 | V46: 0 | X46: 1 | AA46: =AND(OR('Global Filters'!$B$2="",EXACT(TRIM(C46),TRIM('Global Filters'!$B$2))),OR('Global Filters'!$B$3="",EXACT(TRIM(D46),TRIM('Global Filters'!$B$3))),OR('Global Filters'!$B$4="",EXACT(TRIM(L46),TRIM('Global Filters'!$B$4))),OR('Global Filters'!$B$5="",EXACT(TRIM(P46),TRIM('Global Filters'!$B$5))),OR('Global Filters'!$B$6="",E46>= 'Global Filters'!$B$6),OR('Global Filters'!$B$7="",F46<= 'Global Filters'!$B$7)) -> TRUE | AB46: =IF(AND(AA46,X46=1),1,0) -> 1
A47: INIT0046 | B47: Web Platform - Feature 46 | C47: Web Platform | D47: Testing | E47: 44950 | F47: 45130 | H47: 10 | I47: 50000 | J47: 45885 | K47: 89 | L47: Critical | M47: 500000 | O47: 80 | P47: Team Delta | Q47: 180 | T47: 4115 | U47: 8.23 | V47: 0 | X47: 1 | AA47: =AND(OR('Global Filters'!$B$2="",EXACT(TRIM(C47),TRIM('Global Filters'!$B$2))),OR('Global Filters'!$B$3="",EXACT(TRIM(D47),TRIM('Global Filters'!$B$3))),OR('Global Filters'!$B$4="",EXACT(TRIM(L47),TRIM('Global Filters'!$B$4))),OR('Global Filters'!$B$5="",EXACT(TRIM(P47),TRIM('Global Filters'!$B$5))),OR('Global Filters'!$B$6="",E47>= 'Global Filters'!$B$6),OR('Global Filters'!$B$7="",F47<= 'Global Filters'!$B$7)) -> TRUE | AB47: =IF(AND(AA47,X47=1),1,0) -> 1
A48: INIT0047 | B48: Data Infrastructure - Feature 47 | C48: Data Infrastructure | D48: Planning | E48: 45148 | F48: 45327 | H48: 15 | I48: 500000 | J48: 519748 | K48: 71 | L48: Critical | M48: 500000 | O48: 10 | P48: Team Epsilon | Q48: 179 | T48: -19748 | U48: -3.9496 | V48: 0 | X48: 1 | AA48: =AND(OR('Global Filters'!$B$2="",EXACT(TRIM(C48),TRIM('Global Filters'!$B$2))),OR('Global Filters'!$B$3="",EXACT(TRIM(D48),TRIM('Global Filters'!$B$3))),OR('Global Filters'!$B$4="",EXACT(TRIM(L48),TRIM('Global Filters'!$B$4))),OR('Global Filters'!$B$5="",EXACT(TRIM(P48),TRIM('Global Filters'!$B$5))),OR('Global Filters'!$B$6="",E48>= 'Global Filters'!$B$6),OR('Global Filters'!$B$7="",F48<= 'Global Filters'!$B$7)) -> TRUE | AB48: =IF(AND(AA48,X48=1),1,0) -> 1
A49: INIT0048 | B49: Web Platform - Feature 48 | C49: Web Platform | D49: Planning | E49: 45237 | F49: 45349 | H49: 9 | I49: 1000000 | J49: 1005112 | K49: 98 | L49: Low | M49: 500000 | O49: 10 | P49: Team Epsilon | Q49: 112 | T49: -5112 | U49: -0.5112 | V49: 0 | X49: 1 | AA49: =AND(OR('Global Filters'!$B$2="",EXACT(TRIM(C49),TRIM('Global Filters'!$B$2))),OR('Global Filters'!$B$3="",EXACT(TRIM(D49),TRIM('Global Filters'!$B$3))),OR('Global Filters'!$B$4="",EXACT(TRIM(L49),TRIM('Global Filters'!$B$4))),OR('Global Filters'!$B$5="",EXACT(TRIM(P49),TRIM('Global Filters'!$B$5))),OR('Global Filters'!$B$6="",E49>= 'Global Filters'!$B$6),OR('Global Filters'!$B$7="",F49<= 'Global Filters'!$B$7)) -> TRUE | AB49: =IF(AND(AA49,X49=1),1,0) -> 1
A50: INIT0049 | B50: API - Feature 49 | C50: API | D50: Launched | E50: 45158 | F50: 45222 | G50: 45226 | H50: 14 | I50: 1000000 | J50: 539130 | K50: 95 | L50: Medium | M50: 1000000 | N50: 998312 | O50: 100 | P50: Team Gamma | Q50: 64 | R50: 68 | S50: 4 | T50: 460870 | U50: 46.087 | V50: 0 | W50: -1688 | X50: 1 | AA50: =AND(OR('Global Filters'!$B$2="",EXACT(TRIM(C50),TRIM('Global Filters'!$B$2))),OR('Global Filters'!$B$3="",EXACT(TRIM(D50),TRIM('Global Filters'!$B$3))),OR('Global Filters'!$B$4="",EXACT(TRIM(L50),TRIM('Global Filters'!$B$4))),OR('Global Filters'!$B$5="",EXACT(TRIM(P50),TRIM('Global Filters'!$B$5))),OR('Global Filters'!$B$6="",E50>= 'Global Filters'!$B$6),OR('Global Filters'!$B$7="",F50<= 'Global Filters'!$B$7)) -> TRUE | AB50: =IF(AND(AA50,X50=1),1,0) -> 1
A51: INIT0050 | B51: Analytics Suite - Feature 50 | C51: Analytics Suite | D51: In Development | E51: 45246 | F51: 45350 | H51: 5 | I51: 250000 | J51: 259238 | K51: 71 | L51: High | M51: 1000000 | O51: 50 | P51: Team Beta | Q51: 104 | T51: -9238 | U51: -3.6952 | V51: 0 | X51: 1 | AA51: =AND(OR('Global Filters'!$B$2="",EXACT(TRIM(C51),TRIM('Global Filters'!$B$2))),OR('Global Filters'!$B$3="",EXACT(TRIM(D51),TRIM('Global Filters'!$B$3))),OR('Global Filters'!$B$4="",EXACT(TRIM(L51),TRIM('Global Filters'!$B$4))),OR('Global Filters'!$B$5="",EXACT(TRIM(P51),TRIM('Global Filters'!$B$5))),OR('Global Filters'!$B$6="",E51>= 'Global Filters'!$B$6),OR('Global Filters'!$B$7="",F51<= 'Global Filters'!$B$7)) -> TRUE | AB51: =IF(AND(AA51,X51=1),1,0) -> 1
A52: INIT0051 | B52: Mobile App - Feature 51 | C52: Mobile App | D52: Testing | E52: 45219 | F52: 45355 | H52: 9 | I52: 1000000 | J52: 528742 | K52: 60 | L52: Low | M52: 100000 | O52: 80 | P52: Team Epsilon | Q52: 136 | T52: 471258 | U52: 47.1258 | V52: 0 | X52: 1 | AA52: =AND(OR('Global Filters'!$B$2="",EXACT(TRIM(C52),TRIM('Global Filters'!$B$2))),OR('Global Filters'!$B$3="",EXACT(TRIM(D52),TRIM('Global Filters'!$B$3))),OR('Global Filters'!$B$4="",EXACT(TRIM(L52),TRIM('Global Filters'!$B$4))),OR('Global Filters'!$B$5="",EXACT(TRIM(P52),TRIM('Global Filters'!$B$5))),OR('Global Filters'!$B$6="",E52>= 'Global Filters'!$B$6),OR('Global Filters'!$B$7="",F52<= 'Global Filters'!$B$7)) -> TRUE | AB52: =IF(AND(AA52,X52=1),1,0) -> 1
A53: INIT0052 | B53: Mobile App - Feature 52 | C53: Mobile App | D53: Launched | E53: 45270 | F53: 45314 | G53: 45311 | H53: 5 | I53: 250000 | J53: 211678 | K53: 63 | L53: High | M53: 1000000 | N53: 642800 | O53: 100 | P53: Team Alpha | Q53: 44 | R53: 41 | S53: -3 | T53: 38322 | U53: 15.3288 | V53: 1 | W53: -357200 | X53: 1 | AA53: =AND(OR('Global Filters'!$B$2="",EXACT(TRIM(C53),TRIM('Global Filters'!$B$2))),OR('Global Filters'!$B$3="",EXACT(TRIM(D53),TRIM('Global Filters'!$B$3))),OR('Global Filters'!$B$4="",EXACT(TRIM(L53),TRIM('Global Filters'!$B$4))),OR('Global Filters'!$B$5="",EXACT(TRIM(P53),TRIM('Global Filters'!$B$5))),OR('Global Filters'!$B$6="",E53>= 'Global Filters'!$B$6),OR('Global Filters'!$B$7="",F53<= 'Global Filters'!$B$7)) -> TRUE | AB53: =IF(AND(AA53,X53=1),1,0) -> 1
A54: INIT0053 | B54: Analytics Suite - Feature 53 | C54: Analytics Suite | D54: Planning | E54: 44979 | F54: 45152 | H54: 11 | I54: 100000 | J54: 89393 | K54: 84 | L54: Medium | M54: 500000 | O54: 10 | P54: Team Delta | Q54: 173 | T54: 10607 | U54: 10.607 | V54: 0 | X54: 1 | AA54: =AND(OR('Global Filters'!$B$2="",EXACT(TRIM(C54),TRIM('Global Filters'!$B$2))),OR('Global Filters'!$B$3="",EXACT(TRIM(D54),TRIM('Global Filters'!$B$3))),OR('Global Filters'!$B$4="",EXACT(TRIM(L54),TRIM('Global Filters'!$B$4))),OR('Global Filters'!$B$5="",EXACT(TRIM(P54),TRIM('Global Filters'!$B$5))),OR('Global Filters'!$B$6="",E54>= 'Global Filters'!$B$6),OR('Global Filters'!$B$7="",F54<= 'Global Filters'!$B$7)) -> TRUE | AB54: =IF(AND(AA54,X54=1),1,0) -> 1
A55: INIT0054 | B55: Analytics Suite - Feature 54 | C55: Analytics Suite | D55: Testing | E55: 45125 | F55: 45261 | H55: 3 | I55: 250000 | J55: 268166 | K55: 60 | L55: Critical | M55: 1000000 | O55: 80 | P55: Team Delta | Q55: 136 | T55: -18166 | U55: -7.2664 | V55: 0 | X55: 1 | AA55: =AND(OR('Global Filters'!$B$2="",EXACT(TRIM(C55),TRIM('Global Filters'!$B$2))),OR('Global Filters'!$B$3="",EXACT(TRIM(D55),TRIM('Global Filters'!$B$3))),OR('Global Filters'!$B$4="",EXACT(TRIM(L55),TRIM('Global Filters'!$B$4))),OR('Global Filters'!$B$5="",EXACT(TRIM(P55),TRIM('Global Filters'!$B$5))),OR('Global Filters'!$B$6="",E55>= 'Global Filters'!$B$6),OR('Global Filters'!$B$7="",F55<= 'Global Filters'!$B$7)) -> TRUE | AB55: =IF(AND(AA55,X55=1),1,0) -> 1
A56: INIT0055 | B56: Web Platform - Feature 55 | C56: Web Platform | D56: On Hold | E56: 45251 | F56: 45375 | H56: 12 | I56: 1000000 | J56: 737292 | K56: 72 | L56: Low | M56: 500000 | O56: 25 | P56: Team Beta | Q56: 124 | T56: 262708 | U56: 26.2708 | V56: 0 | X56: 1 | AA56: =AND(OR('Global Filters'!$B$2="",EXACT(TRIM(C56),TRIM('Global Filters'!$B$2))),OR('Global Filters'!$B$3="",EXACT(TRIM(D56),TRIM('Global Filters'!$B$3))),OR('Global Filters'!$B$4="",EXACT(TRIM(L56),TRIM('Global Filters'!$B$4))),OR('Global Filters'!$B$5="",EXACT(TRIM(P56),TRIM('Global Filters'!$B$5))),OR('Global Filters'!$B$6="",E56>= 'Global Filters'!$B$6),OR('Global Filters'!$B$7="",F56<= 'Global Filters'!$B$7)) -> TRUE | AB56: =IF(AND(AA56,X56=1),1,0) -> 1
A57: INIT0056 | B57: API - Feature 56 | C57: API | D57: Launched | E57: 45022 | F57: 45096 | G57: 45108 | H57: 7 | I57: 500000 | J57: 166253 | K57: 95 | L57: High | M57: 1000000 | N57: 591046 | O57: 100 | P57: Team Alpha | Q57: 74 | R57: 86 | S57: 12 | T57: 333747 | U57: 66.7494 | V57: 0 | W57: -408954 | X57: 1 | AA57: =AND(OR('Global Filters'!$B$2="",EXACT(TRIM(C57),TRIM('Global Filters'!$B$2))),OR('Global Filters'!$B$3="",EXACT(TRIM(D57),TRIM('Global Filters'!$B$3))),OR('Global Filters'!$B$4="",EXACT(TRIM(L57),TRIM('Global Filters'!$B$4))),OR('Global Filters'!$B$5="",EXACT(TRIM(P57),TRIM('Global Filters'!$B$5))),OR('Global Filters'!$B$6="",E57>= 'Global Filters'!$B$6),OR('Global Filters'!$B$7="",F57<= 'Global Filters'!$B$7)) -> TRUE | AB57: =IF(AND(AA57,X57=1),1,0) -> 1
A58: INIT0057 | B58: Analytics Suite - Feature 57 | C58: Analytics Suite | D58: Testing | E58: 45165 | F58: 45234 | H58: 8 | I58: 50000 | J58: 21148 | K58: 98 | L58: Critical | M58: 100000 | O58: 80 | P58: Team Gamma | Q58: 69 | T58: 28852 | U58: 57.704 | V58: 0 | X58: 1 | AA58: =AND(OR('Global Filters'!$B$2="",EXACT(TRIM(C58),TRIM('Global Filters'!$B$2))),OR('Global Filters'!$B$3="",EXACT(TRIM(D58),TRIM('Global Filters'!$B$3))),OR('Global Filters'!$B$4="",EXACT(TRIM(L58),TRIM('Global Filters'!$B$4))),OR('Global Filters'!$B$5="",EXACT(TRIM(P58),TRIM('Global Filters'!$B$5))),OR('Global Filters'!$B$6="",E58>= 'Global Filters'!$B$6),OR('Global Filters'!$B$7="",F58<= 'Global Filters'!$B$7)) -> TRUE | AB58: =IF(AND(AA58,X58=1),1,0) -> 1
A59: INIT0058 | B59: Analytics Suite - Feature 58 | C59: Analytics Suite | D59: Testing | E59: 45208 | F59: 45329 | H59: 8 | I59: 50000 | J59: 46361 | K59: 93 | L59: Low | M59: 500000 | O59: 80 | P59: Team Epsilon | Q59: 121 | T59: 3639 | U59: 7.278 | V59: 0 | X59: 1 | AA59: =AND(OR('Global Filters'!$B$2="",EXACT(TRIM(C59),TRIM('Global Filters'!$B$2))),OR('Global Filters'!$B$3="",EXACT(TRIM(D59),TRIM('Global Filters'!$B$3))),OR('Global Filters'!$B$4="",EXACT(TRIM(L59),TRIM('Global Filters'!$B$4))),OR('Global Filters'!$B$5="",EXACT(TRIM(P59),TRIM('Global Filters'!$B$5))),OR('Global Filters'!$B$6="",E59>= 'Global Filters'!$B$6),OR('Global Filters'!$B$7="",F59<= 'Global Filters'!$B$7)) -> TRUE | AB59: =IF(AND(AA59,X59=1),1,0) -> 1
A60: INIT0059 | B60: Web Platform - Feature 59 | C60: Web Platform | D60: On Hold | E60: 45008 | F60: 45144 | H60: 4 | I60: 1000000 | J60: 729628 | K60: 82 | L60: Critical | M60: 500000 | O60: 25 | P60: Team Epsilon | Q60: 136 | T60: 270372 | U60: 27.0372 | V60: 0 | X60: 1 | AA60: =AND(OR('Global Filters'!$B$2="",EXACT(TRIM(C60),TRIM('Global Filters'!$B$2))),OR('Global Filters'!$B$3="",EXACT(TRIM(D60),TRIM('Global Filters'!$B$3))),OR('Global Filters'!$B$4="",EXACT(TRIM(L60),TRIM('Global Filters'!$B$4))),OR('Global Filters'!$B$5="",EXACT(TRIM(P60),TRIM('Global Filters'!$B$5))),OR('Global Filters'!$B$6="",E60>= 'Global Filters'!$B$6),OR('Global Filters'!$B$7="",F60<= 'Global Filters'!$B$7)) -> TRUE | AB60: =IF(AND(AA60,X60=1),1,0) -> 1
A61: INIT0060 | B61: Web Platform - Feature 60 | C61: Web Platform | D61: Testing | E61: 45077 | F61: 45162 | H61: 11 | I61: 1000000 | J61: 724399 | K61: 60 | L61: Medium | M61: 100000 | O61: 80 | P61: Team Gamma | Q61: 85 | T61: 275601 | U61: 27.5601 | V61: 0 | X61: 1 | AA61: =AND(OR('Global Filters'!$B$2="",EXACT(TRIM(C61),TRIM('Global Filters'!$B$2))),OR('Global Filters'!$B$3="",EXACT(TRIM(D61),TRIM('Global Filters'!$B$3))),OR('Global Filters'!$B$4="",EXACT(TRIM(L61),TRIM('Global Filters'!$B$4))),OR('Global Filters'!$B$5="",EXACT(TRIM(P61),TRIM('Global Filters'!$B$5))),OR('Global Filters'!$B$6="",E61>= 'Global Filters'!$B$6),OR('Global Filters'!$B$7="",F61<= 'Global Filters'!$B$7)) -> TRUE | AB61: =IF(AND(AA61,X61=1),1,0) -> 1
A62: INIT0061 | B62: API - Feature 61 | C62: API | D62: Launched | E62: 45245 | F62: 45337 | G62: 45385 | H62: 15 | I62: 250000 | J62: 151274 | K62: 67 | L62: High | M62: 5000000 | N62: 3398066 | O62: 100 | P62: Team Epsilon | Q62: 92 | R62: 140 | S62: 48 | T62: 98726 | U62: 39.4904 | V62: 0 | W62: -1601934 | X62: 1 | AA62: =AND(OR('Global Filters'!$B$2="",EXACT(TRIM(C62),TRIM('Global Filters'!$B$2))),OR('Global Filters'!$B$3="",EXACT(TRIM(D62),TRIM('Global Filters'!$B$3))),OR('Global Filters'!$B$4="",EXACT(TRIM(L62),TRIM('Global Filters'!$B$4))),OR('Global Filters'!$B$5="",EXACT(TRIM(P62),TRIM('Global Filters'!$B$5))),OR('Global Filters'!$B$6="",E62>= 'Global Filters'!$B$6),OR('Global Filters'!$B$7="",F62<= 'Global Filters'!$B$7)) -> TRUE | AB62: =IF(AND(AA62,X62=1),1,0) -> 1
A63: INIT0062 | B63: API - Feature 62 | C63: API | D63: Planning | E63: 45187 | F63: 45331 | H63: 13 | I63: 500000 | J63: 167540 | K63: 72 | L63: Medium | M63: 1000000 | O63: 10 | P63: Team Epsilon | Q63: 144 | T63: 332460 | U63: 66.492 | V63: 0 | X63: 1 | AA63: =AND(OR('Global Filters'!$B$2="",EXACT(TRIM(C63),TRIM('Global Filters'!$B$2))),OR('Global Filters'!$B$3="",EXACT(TRIM(D63),TRIM('Global Filters'!$B$3))),OR('Global Filters'!$B$4="",EXACT(TRIM(L63),TRIM('Global Filters'!$B$4))),OR('Global Filters'!$B$5="",EXACT(TRIM(P63),TRIM('Global Filters'!$B$5))),OR('Global Filters'!$B$6="",E63>= 'Global Filters'!$B$6),OR('Global Filters'!$B$7="",F63<= 'Global Filters'!$B$7)) -> TRUE | AB63: =IF(AND(AA63,X63=1),1,0) -> 1
A64: INIT0063 | B64: Analytics Suite - Feature 63 | C64: Analytics Suite | D64: Planning | E64: 45202 | F64: 45368 | H64: 6 | I64: 50000 | J64: 40077 | K64: 100 | L64: Critical | M64: 500000 | O64: 10 | P64: Team Beta | Q64: 166 | T64: 9923 | U64: 19.846 | V64: 0 | X64: 1 | AA64: =AND(OR('Global Filters'!$B$2="",EXACT(TRIM(C64),TRIM('Global Filters'!$B$2))),OR('Global Filters'!$B$3="",EXACT(TRIM(D64),TRIM('Global Filters'!$B$3))),OR('Global Filters'!$B$4="",EXACT(TRIM(L64),TRIM('Global Filters'!$B$4))),OR('Global Filters'!$B$5="",EXACT(TRIM(P64),TRIM('Global Filters'!$B$5))),OR('Global Filters'!$B$6="",E64>= 'Global Filters'!$B$6),OR('Global Filters'!$B$7="",F64<= 'Global Filters'!$B$7)) -> TRUE | AB64: =IF(AND(AA64,X64=1),1,0) -> 1
A65: INIT0064 | B65: Data Infrastructure - Feature 64 | C65: Data Infrastructure | D65: Planning | E65: 45286 | F65: 45427 | H65: 5 | I65: 50000 | J65: 44875 | K65: 61 | L65: High | M65: 5000000 | O65: 10 | P65: Team Epsilon | Q65: 141 | T65: 5125 | U65: 10.25 | V65: 0 | X65: 1 | AA65: =AND(OR('Global Filters'!$B$2="",EXACT(TRIM(C65),TRIM('Global Filters'!$B$2))),OR('Global Filters'!$B$3="",EXACT(TRIM(D65),TRIM('Global Filters'!$B$3))),OR('Global Filters'!$B$4="",EXACT(TRIM(L65),TRIM('Global Filters'!$B$4))),OR('Global Filters'!$B$5="",EXACT(TRIM(P65),TRIM('Global Filters'!$B$5))),OR('Global Filters'!$B$6="",E65>= 'Global Filters'!$B$6),OR('Global Filters'!$B$7="",F65<= 'Global Filters'!$B$7)) -> TRUE | AB65: =IF(AND(AA65,X65=1),1,0) -> 1
A66: INIT0065 | B66: API - Feature 65 | C66: API | D66: Planning | E66: 44954 | F66: 45029 | H66: 12 | I66: 250000 | J66: 186616 | K66: 74 | L66: Critical | M66: 1000000 | O66: 10 | P66: Team Alpha | Q66: 75 | T66: 63384 | U66: 25.3536 | V66: 0 | X66: 1 | AA66: =AND(OR('Global Filters'!$B$2="",EXACT(TRIM(C66),TRIM('Global Filters'!$B$2))),OR('Global Filters'!$B$3="",EXACT(TRIM(D66),TRIM('Global Filters'!$B$3))),OR('Global Filters'!$B$4="",EXACT(TRIM(L66),TRIM('Global Filters'!$B$4))),OR('Global Filters'!$B$5="",EXACT(TRIM(P66),TRIM('Global Filters'!$B$5))),OR('Global Filters'!$B$6="",E66>= 'Global Filters'!$B$6),OR('Global Filters'!$B$7="",F66<= 'Global Filters'!$B$7)) -> TRUE | AB66: =IF(AND(AA66,X66=1),1,0) -> 1
A67: INIT0066 | B67: Data Infrastructure - Feature 66 | C67: Data Infrastructure | D67: Launched | E67: 45148 | F67: 45258 | G67: 45263 | H67: 13 | I67: 50000 | J67: 36393 | K67: 99 | L67: Low | M67: 100000 | N67: 102917 | O67: 100 | P67: Team Delta | Q67: 110 | R67: 115 | S67: 5 | T67: 13607 | U67: 27.214 | V67: 0 | W67: 2917 | X67: 1 | AA67: =AND(OR('Global Filters'!$B$2="",EXACT(TRIM(C67),TRIM('Global Filters'!$B$2))),OR('Global Filters'!$B$3="",EXACT(TRIM(D67),TRIM('Global Filters'!$B$3))),OR('Global Filters'!$B$4="",EXACT(TRIM(L67),TRIM('Global Filters'!$B$4))),OR('Global Filters'!$B$5="",EXACT(TRIM(P67),TRIM('Global Filters'!$B$5))),OR('Global Filters'!$B$6="",E67>= 'Global Filters'!$B$6),OR('Global Filters'!$B$7="",F67<= 'Global Filters'!$B$7)) -> TRUE | AB67: =IF(AND(AA67,X67=1),1,0) -> 1
A68: INIT0067 | B68: Analytics Suite - Feature 67 | C68: Analytics Suite | D68: Planning | E68: 45184 | F68: 45241 | H68: 7 | I68: 250000 | J68: 232378 | K68: 98 | L68: Critical | M68: 100000 | O68: 10 | P68: Team Gamma | Q68: 57 | T68: 17622 | U68: 7.0488 | V68: 0 | X68: 1 | AA68: =AND(OR('Global Filters'!$B$2="",EXACT(TRIM(C68),TRIM('Global Filters'!$B$2))),OR('Global Filters'!$B$3="",EXACT(TRIM(D68),TRIM('Global Filters'!$B$3))),OR('Global Filters'!$B$4="",EXACT(TRIM(L68),TRIM('Global Filters'!$B$4))),OR('Global Filters'!$B$5="",EXACT(TRIM(P68),TRIM('Global Filters'!$B$5))),OR('Global Filters'!$B$6="",E68>= 'Global Filters'!$B$6),OR('Global Filters'!$B$7="",F68<= 'Global Filters'!$B$7)) -> TRUE | AB68: =IF(AND(AA68,X68=1),1,0) -> 1
A69: INIT0068 | B69: API - Feature 68 | C69: API | D69: Launched | E69: 45265 | F69: 45302 | G69: 45305 | H69: 9 | I69: 100000 | J69: 40910 | K69: 94 | L69: Low | M69: 1000000 | N69: 1172093 | O69: 100 | P69: Team Delta | Q69: 37 | R69: 40 | S69: 3 | T69: 59090 | U69: 59.09 | V69: 0 | W69: 172093 | X69: 1 | AA69: =AND(OR('Global Filters'!$B$2="",EXACT(TRIM(C69),TRIM('Global Filters'!$B$2))),OR('Global Filters'!$B$3="",EXACT(TRIM(D69),TRIM('Global Filters'!$B$3))),OR('Global Filters'!$B$4="",EXACT(TRIM(L69),TRIM('Global Filters'!$B$4))),OR('Global Filters'!$B$5="",EXACT(TRIM(P69),TRIM('Global Filters'!$B$5))),OR('Global Filters'!$B$6="",E69>= 'Global Filters'!$B$6),OR('Global Filters'!$B$7="",F69<= 'Global Filters'!$B$7)) -> TRUE | AB69: =IF(AND(AA69,X69=1),1,0) -> 1
A70: INIT0069 | B70: Web Platform - Feature 69 | C70: Web Platform | D70: Testing | E70: 45210 | F70: 45382 | H70: 3 | I70: 100000 | J70: 39858 | K70: 96 | L70: Medium | M70: 5000000 | O70: 80 | P70: Team Alpha | Q70: 172 | T70: 60142 | U70: 60.142 | V70: 0 | X70: 1 | AA70: =AND(OR('Global Filters'!$B$2="",EXACT(TRIM(C70),TRIM('Global Filters'!$B$2))),OR('Global Filters'!$B$3="",EXACT(TRIM(D70),TRIM('Global Filters'!$B$3))),OR('Global Filters'!$B$4="",EXACT(TRIM(L70),TRIM('Global Filters'!$B$4))),OR('Global Filters'!$B$5="",EXACT(TRIM(P70),TRIM('Global Filters'!$B$5))),OR('Global Filters'!$B$6="",E70>= 'Global Filters'!$B$6),OR('Global Filters'!$B$7="",F70<= 'Global Filters'!$B$7)) -> TRUE | AB70: =IF(AND(AA70,X70=1),1,0) -> 1
A71: INIT0070 | B71: Analytics Suite - Feature 70 | C71: Analytics Suite | D71: On Hold | E71: 45034 | F71: 45152 | H71: 13 | I71: 100000 | J71: 63012 | K71: 92 | L71: Critical | M71: 500000 | O71: 25 | P71: Team Gamma | Q71: 118 | T71: 36988 | U71: 36.988 | V71: 0 | X71: 1 | AA71: =AND(OR('Global Filters'!$B$2="",EXACT(TRIM(C71),TRIM('Global Filters'!$B$2))),OR('Global Filters'!$B$3="",EXACT(TRIM(D71),TRIM('Global Filters'!$B$3))),OR('Global Filters'!$B$4="",EXACT(TRIM(L71),TRIM('Global Filters'!$B$4))),OR('Global Filters'!$B$5="",EXACT(TRIM(P71),TRIM('Global Filters'!$B$5))),OR('Global Filters'!$B$6="",E71>= 'Global Filters'!$B$6),OR('Global Filters'!$B$7="",F71<= 'Global Filters'!$B$7)) -> TRUE | AB71: =IF(AND(AA71,X71=1),1,0) -> 1
A72: INIT0071 | B72: Web Platform - Feature 71 | C72: Web Platform | D72: In Development | E72: 45056 | F72: 45135 | H72: 15 | I72: 50000 | J72: 22254 | K72: 96 | L72: High | M72: 100000 | O72: 50 | P72: Team Epsilon | Q72: 79 | T72: 27746 | U72: 55.492 | V72: 0 | X72: 1 | AA72: =AND(OR('Global Filters'!$B$2="",EXACT(TRIM(C72),TRIM('Global Filters'!$B$2))),OR('Global Filters'!$B$3="",EXACT(TRIM(D72),TRIM('Global Filters'!$B$3))),OR('Global Filters'!$B$4="",EXACT(TRIM(L72),TRIM('Global Filters'!$B$4))),OR('Global Filters'!$B$5="",EXACT(TRIM(P72),TRIM('Global Filters'!$B$5))),OR('Global Filters'!$B$6="",E72>= 'Global Filters'!$B$6),OR('Global Filters'!$B$7="",F72<= 'Global Filters'!$B$7)) -> TRUE | AB72: =IF(AND(AA72,X72=1),1,0) -> 1
A73: INIT0072 | B73: Analytics Suite - Feature 72 | C73: Analytics Suite | D73: Launched | E73: 45270 | F73: 45317 | G73: 45315 | H73: 8 | I73: 1000000 | J73: 689752 | K73: 82 | L73: Critical | M73: 500000 | N73: 484953 | O73: 100 | P73: Team Gamma | Q73: 47 | R73: 45 | S73: -2 | T73: 310248 | U73: 31.0248 | V73: 1 | W73: -15047 | X73: 1 | AA73: =AND(OR('Global Filters'!$B$2="",EXACT(TRIM(C73),TRIM('Global Filters'!$B$2))),OR('Global Filters'!$B$3="",EXACT(TRIM(D73),TRIM('Global Filters'!$B$3))),OR('Global Filters'!$B$4="",EXACT(TRIM(L73),TRIM('Global Filters'!$B$4))),OR('Global Filters'!$B$5="",EXACT(TRIM(P73),TRIM('Global Filters'!$B$5))),OR('Global Filters'!$B$6="",E73>= 'Global Filters'!$B$6),OR('Global Filters'!$B$7="",F73<= 'Global Filters'!$B$7)) -> TRUE | AB73: =IF(AND(AA73,X73=1),1,0) -> 1
A74: INIT0073 | B74: Web Platform - Feature 73 | C74: Web Platform | D74: Planning | E74: 44962 | F74: 45041 | H74: 8 | I74: 250000 | J74: 172172 | K74: 99 | L74: Medium | M74: 1000000 | O74: 10 | P74: Team Epsilon | Q74: 79 | T74: 77828 | U74: 31.1312 | V74: 0 | X74: 1 | AA74: =AND(OR('Global Filters'!$B$2="",EXACT(TRIM(C74),TRIM('Global Filters'!$B$2))),OR('Global Filters'!$B$3="",EXACT(TRIM(D74),TRIM('Global Filters'!$B$3))),OR('Global Filters'!$B$4="",EXACT(TRIM(L74),TRIM('Global Filters'!$B$4))),OR('Global Filters'!$B$5="",EXACT(TRIM(P74),TRIM('Global Filters'!$B$5))),OR('Global Filters'!$B$6="",E74>= 'Global Filters'!$B$6),OR('Global Filters'!$B$7="",F74<= 'Global Filters'!$B$7)) -> TRUE | AB74: =IF(AND(AA74,X74=1),1,0) -> 1
A75: INIT0074 | B75: Analytics Suite - Feature 74 | C75: Analytics Suite | D75: In Development | E75: 45146 | F75: 45219 | H75: 15 | I75: 50000 | J75: 27528 | K75: 74 | L75: Medium | M75: 5000000 | O75: 50 | P75: Team Gamma | Q75: 73 | T75: 22472 | U75: 44.944 | V75: 0 | X75: 1 | AA75: =AND(OR('Global Filters'!$B$2="",EXACT(TRIM(C75),TRIM('Global Filters'!$B$2))),OR('Global Filters'!$B$3="",EXACT(TRIM(D75),TRIM('Global Filters'!$B$3))),OR('Global Filters'!$B$4="",EXACT(TRIM(L75),TRIM('Global Filters'!$B$4))),OR('Global Filters'!$B$5="",EXACT(TRIM(P75),TRIM('Global Filters'!$B$5))),OR('Global Filters'!$B$6="",E75>= 'Global Filters'!$B$6),OR('Global Filters'!$B$7="",F75<= 'Global Filters'!$B$7)) -> TRUE | AB75: =IF(AND(AA75,X75=1),1,0) -> 1
A76: INIT0075 | B76: API - Feature 75 | C76: API | D76: Testing | E76: 45172 | F76: 45320 | H76: 7 | I76: 500000 | J76: 293496 | K76: 91 | L76: High | M76: 100000 | O76: 80 | P76: Team Gamma | Q76: 148 | T76: 206504 | U76: 41.3008 | V76: 0 | X76: 1 | AA76: =AND(OR('Global Filters'!$B$2="",EXACT(TRIM(C76),TRIM('Global Filters'!$B$2))),OR('Global Filters'!$B$3="",EXACT(TRIM(D76),TRIM('Global Filters'!$B$3))),OR('Global Filters'!$B$4="",EXACT(TRIM(L76),TRIM('Global Filters'!$B$4))),OR('Global Filters'!$B$5="",EXACT(TRIM(P76),TRIM('Global Filters'!$B$5))),OR('Global Filters'!$B$6="",E76>= 'Global Filters'!$B$6),OR('Global Filters'!$B$7="",F76<= 'Global Filters'!$B$7)) -> TRUE | AB76: =IF(AND(AA76,X76=1),1,0) -> 1
A77: INIT0076 | B77: Web Platform - Feature 76 | C77: Web Platform | D77: On Hold | E77: 44998 | F77: 45165 | H77: 13 | I77: 100000 | J77: 51058 | K77: 64 | L77: Critical | M77: 100000 | O77: 25 | P77: Team Gamma | Q77: 167 | T77: 48942 | U77: 48.942 | V77: 0 | X77: 1 | AA77: =AND(OR('Global Filters'!$B$2="",EXACT(TRIM(C77),TRIM('Global Filters'!$B$2))),OR('Global Filters'!$B$3="",EXACT(TRIM(D77),TRIM('Global Filters'!$B$3))),OR('Global Filters'!$B$4="",EXACT(TRIM(L77),TRIM('Global Filters'!$B$4))),OR('Global Filters'!$B$5="",EXACT(TRIM(P77),TRIM('Global Filters'!$B$5))),OR('Global Filters'!$B$6="",E77>= 'Global Filters'!$B$6),OR('Global Filters'!$B$7="",F77<= 'Global Filters'!$B$7)) -> TRUE | AB77: =IF(AND(AA77,X77=1),1,0) -> 1
A78: INIT0077 | B78: Mobile App - Feature 77 | C78: Mobile App | D78: On Hold | E78: 45223 | F78: 45356 | H78: 3 | I78: 1000000 | J78: 470208 | K78: 95 | L78: Critical | M78: 1000000 | O78: 25 | P78: Team Epsilon | Q78: 133 | T78: 529792 | U78: 52.9792 | V78: 0 | X78: 1 | AA78: =AND(OR('Global Filters'!$B$2="",EXACT(TRIM(C78),TRIM('Global Filters'!$B$2))),OR('Global Filters'!$B$3="",EXACT(TRIM(D78),TRIM('Global Filters'!$B$3))),OR('Global Filters'!$B$4="",EXACT(TRIM(L78),TRIM('Global Filters'!$B$4))),OR('Global Filters'!$B$5="",EXACT(TRIM(P78),TRIM('Global Filters'!$B$5))),OR('Global Filters'!$B$6="",E78>= 'Global Filters'!$B$6),OR('Global Filters'!$B$7="",F78<= 'Global Filters'!$B$7)) -> TRUE | AB78: =IF(AND(AA78,X78=1),1,0) -> 1
A79: INIT0078 | B79: Analytics Suite - Feature 78 | C79: Analytics Suite | D79: On Hold | E79: 45114 | F79: 45244 | H79: 12 | I79: 100000 | J79: 101315 | K79: 78 | L79: Low | M79: 500000 | O79: 25 | P79: Team Beta | Q79: 130 | T79: -1315 | U79: -1.315 | V79: 0 | X79: 1 | AA79: =AND(OR('Global Filters'!$B$2="",EXACT(TRIM(C79),TRIM('Global Filters'!$B$2))),OR('Global Filters'!$B$3="",EXACT(TRIM(D79),TRIM('Global Filters'!$B$3))),OR('Global Filters'!$B$4="",EXACT(TRIM(L79),TRIM('Global Filters'!$B$4))),OR('Global Filters'!$B$5="",EXACT(TRIM(P79),TRIM('Global Filters'!$B$5))),OR('Global Filters'!$B$6="",E79>= 'Global Filters'!$B$6),OR('Global Filters'!$B$7="",F79<= 'Global Filters'!$B$7)) -> TRUE | AB79: =IF(AND(AA79,X79=1),1,0) -> 1
A80: INIT0079 | B80: Data Infrastructure - Feature 79 | C80: Data Infrastructure | D80: On Hold | E80: 45113 | F80: 45271 | H80: 15 | I80: 50000 | J80: 41507 | K80: 99 | L80: Critical | M80: 500000 | O80: 25 | P80: Team Delta | Q80: 158 | T80: 8493 | U80: 16.986 | V80: 0 | X80: 1 | AA80: =AND(OR('Global Filters'!$B$2="",EXACT(TRIM(C80),TRIM('Global Filters'!$B$2))),OR('Global Filters'!$B$3="",EXACT(TRIM(D80),TRIM('Global Filters'!$B$3))),OR('Global Filters'!$B$4="",EXACT(TRIM(L80),TRIM('Global Filters'!$B$4))),OR('Global Filters'!$B$5="",EXACT(TRIM(P80),TRIM('Global Filters'!$B$5))),OR('Global Filters'!$B$6="",E80>= 'Global Filters'!$B$6),OR('Global Filters'!$B$7="",F80<= 'Global Filters'!$B$7)) -> TRUE | AB80: =IF(AND(AA80,X80=1),1,0) -> 1
A81: INIT0080 | B81: Analytics Suite - Feature 80 | C81: Analytics Suite | D81: In Development | E81: 45018 | F81: 45192 | H81: 5 | I81: 1000000 | J81: 827530 | K81: 90 | L81: Low | M81: 1000000 | O81: 50 | P81: Team Beta | Q81: 174 | T81: 172470 | U81: 17.247 | V81: 0 | X81: 1 | AA81: =AND(OR('Global Filters'!$B$2="",EXACT(TRIM(C81),TRIM('Global Filters'!$B$2))),OR('Global Filters'!$B$3="",EXACT(TRIM(D81),TRIM('Global Filters'!$B$3))),OR('Global Filters'!$B$4="",EXACT(TRIM(L81),TRIM('Global Filters'!$B$4))),OR('Global Filters'!$B$5="",EXACT(TRIM(P81),TRIM('Global Filters'!$B$5))),OR('Global Filters'!$B$6="",E81>= 'Global Filters'!$B$6),OR('Global Filters'!$B$7="",F81<= 'Global Filters'!$B$7)) -> TRUE | AB81: =IF(AND(AA81,X81=1),1,0) -> 1

Sheet Global Filters
A1: Global Filters | C1: Helper Lists | D1: Product Lines | E1: Status | F1: Priority | G1: Teams
A2: Product Line: | D2: API | E2: In Development | F2: Critical | G2: Team Alpha
A3: Status: | D3: Analytics Suite | E3: Launched | F3: High | G3: Team Beta
A4: Priority: | D4: Data Infrastructure | E4: On Hold | F4: Low | G4: Team Delta
A5: Team: | D5: Mobile App | E5: Planning | F5: Medium | G5: Team Epsilon
A6: Start Date: | D6: Web Platform | E6: Testing | G6: Team Gamma
A7: End Date:

Sheet Executive Summary
A1: Executive Summary KPI Cards
A3: KPI | B3: Value | C3: Notes | E3: Status | F3: Count
A4: Initiatives (Total) | B4: =SUMIF(Data!$AB$2:$AB$96,1) -> 80 | E4: Planning | F4: =SUMPRODUCT(Data!$AB$2:$AB$81,--(Data!$D$2:$D$81="Planning")) -> 18
A5: On-time delivery rate (%) | B5: =IFERROR(SUMPRODUCT(Data!$V$2:$V$96,Data!$AB$2:$AB$96)/SUMPRODUCT(Data!$AB$2:$AB$96),0) -> 0.075 | C5: Average of 1/0 flags | E5: In Development | F5: =SUMPRODUCT(Data!$AB$2:$AB$81,--(Data!$D$2:$D$81="In Development")) -> 13
A6: Budget utilization rate (%) | B6: =IFERROR(SUMPRODUCT(Data!$J$2:$J$96,Data!$AB$2:$AB$96)/SUMPRODUCT(Data!$I$2:$I$96,Data!$AB$2:$AB$96),0) -> 0.72260606 | C6: Spent / Allocated | E6: Testing | F6: =SUMPRODUCT(Data!$AB$2:$AB$81,--(Data!$D$2:$D$81="Testing")) -> 16
A7: Avg. resource utilization (%) | B7: =IFERROR(SUMPRODUCT(Data!$K$2:$K$96,Data!$AB$2:$AB$96)/SUMPRODUCT(Data!$AB$2:$AB$96),0) -> 81.275 | C7: Mean across initiatives | E7: Launched | F7: =SUMPRODUCT(Data!$AB$2:$AB$81,--(Data!$D$2:$D$81="Launched")) -> 18
A8: Expected revenue (Total $) | B8: =SUMPRODUCT(Data!$M$2:$M$96,Data!$AB$2:$AB$96) -> 104200000 | E8: On Hold | F8: =SUMPRODUCT(Data!$AB$2:$AB$81,--(Data!$D$2:$D$81="On Hold")) -> 15
A9: Actual revenue (Total $) | B9: =SUMPRODUCT(Data!$N$2:$N$96,Data!$AB$2:$AB$96) -> 21409447

Sheet Timeline
A1: Initiative Name | B1: All Product Lines | C1: All Statuses | D1: Start Date | E1: Target Completion Date | F1: Actual Completion Date | G1: Planned Duration (days) | H1: Actual Duration (days) | I1: Progress % | J1: Start Offset (days) | P1: Product Line Helper (use sheet filters; slicers in later subtask) | Q1: Product Lines | R1: Statuses | S1: All Product Lines | T1: All Statuses | U1: Include Flag | V1: Start Offset (visible) | W1: Planned Duration (visible) | X1: Actual Duration (visible) | Y1: Planned End Offset (days) | Z1: Actual End Offset (days) | AA1: Planned End Offset (visible) | AB1: Actual End Offset (visible) | AC1: Row Index | AG1: Include
A2: Analytics Suite - Feature 1 | B2: Analytics Suite | C2: Testing | D2: 44971 | E2: 45100 | G2: 129 | I2: 80 | J2: 42 | P2: API | Q2: Analytics Suite | R2: Testing | S2: Select Product Line: | T2: Select Status: | U2: =IF(AND(OR($S$1="All Product Lines",$S$1="",B2=$S$1),OR($T$1="All Statuses",$T$1="",C2=$T$1)),1,0) -> 1 | V2: =IF($AG2=1,$J2,NA()) -> 42 | W2: =IF($AG2=1,$G2,NA()) -> 129 | X2: =IF(AND($AG2=1,ISNUMBER($H2)),$H2,NA()) -> #N/A | Y2: =IF(ISNUMBER(G2),J2+G2,NA()) -> 171 | Z2: =IF(ISNUMBER(H2),J2+H2,NA()) -> #N/A | AA2: =IF($AG2=1,$J2+$G2,NA()) -> 171 | AB2: =IF(AND($AG2=1,ISNUMBER($H2)),$J2+$H2,NA()) -> #N/A | AC2: 1 | AG2: {=IFERROR(INDEX(Data!$AB$2:$AB$81,MATCH(A2,Data!$B$2:$B$81,0)),1)} -> 1
A3: Mobile App - Feature 2 | B3: Mobile App | C3: On Hold | D3: 45139 | E3: 45207 | G3: 68 | I3: 25 | J3: 210 | P3: Analytics Suite | Q3: Mobile App | R3: On Hold | U3: =IF(AND(OR($S$1="All Product Lines",$S$1="",B3=$S$1),OR($T$1="All Statuses",$T$1="",C3=$T$1)),1,0) -> 1 | V3: =IF($AG3=1,$J3,NA()) -> 210 | W3: =IF($AG3=1,$G3,NA()) -> 68 | X3: =IF(AND($AG3=1,ISNUMBER($H3)),$H3,NA()) -> #N/A | Y3: =IF(ISNUMBER(G3),J3+G3,NA()) -> 278 | Z3: =IF(ISNUMBER(H3),J3+H3,NA()) -> #N/A | AA3: =IF($AG3=1,$J3+$G3,NA()) -> 278 | AB3: =IF(AND($AG3=1,ISNUMBER($H3)),$J3+$H3,NA()) -> #N/A | AC3: 2 | AG3: {=IFERROR(INDEX(Data!$AB$2:$AB$81,MATCH(A3,Data!$B$2:$B$81,0)),1)} -> 1
A4: Analytics Suite - Feature 3 | B4: Analytics Suite | C4: Planning | D4: 45103 | E4: 45238 | G4: 135 | I4: 10 | J4: 174 | P4: Data Infrastructure | Q4: Data Infrastructure | R4: Planning | U4: =IF(AND(OR($S$1="All Product Lines",$S$1="",B4=$S$1),OR($T$1="All Statuses",$T$1="",C4=$T$1)),1,0) -> 1 | V4: =IF($AG4=1,$J4,NA()) -> 174 | W4: =IF($AG4=1,$G4,NA()) -> 135 | X4: =IF(AND($AG4=1,ISNUMBER($H4)),$H4,NA()) -> #N/A | Y4: =IF(ISNUMBER(G4),J4+G4,NA()) -> 309 | Z4: =IF(ISNUMBER(H4),J4+H4,NA()) -> #N/A | AA4: =IF($AG4=1,$J4+$G4,NA()) -> 309 | AB4: =IF(AND($AG4=1,ISNUMBER($H4)),$J4+$H4,NA()) -> #N/A | AC4: 3 | AG4: {=IFERROR(INDEX(Data!$AB$2:$AB$81,MATCH(A4,Data!$B$2:$B$81,0)),1)} -> 1
A5: Mobile App - Feature 4 | B5: Mobile App | C5: In Development | D5: 45000 | E5: 45132 | G5: 132 | I5: 50 | J5: 71 | P5: Mobile App | Q5: Web Platform | R5: In Development | U5: =IF(AND(OR($S$1="All Product Lines",$S$1="",B5=$S$1),OR($T$1="All Statuses",$T$1="",C5=$T$1)),1,0) -> 1 | V5: =IF($AG5=1,$J5,NA()) -> 71 | W5: =IF($AG5=1,$G5,NA()) -> 132 | X5: =IF(AND($AG5=1,ISNUMBER($H5)),$H5,NA()) -> #N/A | Y5: =IF(ISNUMBER(G5),J5+G5,NA()) -> 203 | Z5: =IF(ISNUMBER(H5),J5+H5,NA()) -> #N/A | AA5: =IF($AG5=1,$J5+$G5,NA()) -> 203 | AB5: =IF(AND($AG5=1,ISNUMBER($H5)),$J5+$H5,NA()) -> #N/A | AC5: 4 | AG5: {=IFERROR(INDEX(Data!$AB$2:$AB$81,MATCH(A5,Data!$B$2:$B$81,0)),1)} -> 1
A6: Data Infrastructure - Feature 5 | B6: Data Infrastructure | C6: Testing | D6: 45099 | E6: 45206 | G6: 107 | I6: 80 | J6: 170 | P6: Web Platform | Q6: API | R6: Launched | U6: =IF(AND(OR($S$1="All Product Lines",$S$1="",B6=$S$1),OR($T$1="All Statuses",$T$1="",C6=$T$1)),1,0) -> 1 | V6: =IF($AG6=1,$J6,NA()) -> 170 | W6: =IF($AG6=1,$G6,NA()) -> 107 | X6: =IF(AND($AG6=1,ISNUMBER($H6)),$H6,NA()) -> #N/A | Y6: =IF(ISNUMBER(G6),J6+G6,NA()) -> 277 | Z6: =IF(ISNUMBER(H6),J6+H6,NA()) -> #N/A | AA6: =IF($AG6=1,$J6+$G6,NA()) -> 277 | AB6: =IF(AND($AG6=1,ISNUMBER($H6)),$J6+$H6,NA()) -> #N/A | AC6: 5 | AG6: {=IFERROR(INDEX(Data!$AB$2:$AB$81,MATCH(A6,Data!$B$2:$B$81,0)),1)} -> 1
A7: Web Platform - Feature 6 | B7: Web Platform | C7: Testing | D7: 45064 | E7: 45200 | G7: 136 | I7: 80 | J7: 135 | U7: =IF(AND(OR($S$1="All Product Lines",$S$1="",B7=$S$1),OR($T$1="All Statuses",$T$1="",C7=$T$1)),1,0) -> 1 | V7: =IF($AG7=1,$J7,NA()) -> 135 | W7: =IF($AG7=1,$G7,NA()) -> 136 | X7: =IF(AND($AG7=1,ISNUMBER($H7)),$H7,NA()) -> #N/A | Y7: =IF(ISNUMBER(G7),J7+G7,NA()) -> 271 | Z7: =IF(ISNUMBER(H7),J7+H7,NA()) -> #N/A | AA7: =IF($AG7=1,$J7+$G7,NA()) -> 271 | AB7: =IF(AND($AG7=1,ISNUMBER($H7)),$J7+$H7,NA()) -> #N/A | AC7: 6 | AG7: {=IFERROR(INDEX(Data!$AB$2:$AB$81,MATCH(A7,Data!$B$2:$B$81,0)),1)} -> 1
A8: Data Infrastructure - Feature 7 | B8: Data Infrastructure | C8: Launched | D8: 45190 | E8: 45260 | F8: 45263 | G8: 70 | H8: 73 | I8: 100 | J8: 261 | U8: =IF(AND(OR($S$1="All Product Lines",$S$1="",B8=$S$1),OR($T$1="All Statuses",$T$1="",C8=$T$1)),1,0) -> 1 | V8: =IF($AG8=1,$J8,NA()) -> 261 | W8: =IF($AG8=1,$G8,NA()) -> 70 | X8: =IF(AND($AG8=1,ISNUMBER($H8)),$H8,NA()) -> 73 | Y8: =IF(ISNUMBER(G8),J8+G8,NA()) -> 331 | Z8: =IF(ISNUMBER(H8),J8+H8,NA()) -> 334 | AA8: =IF($AG8=1,$J8+$G8,NA()) -> 331 | AB8: =IF(AND($AG8=1,ISNUMBER($H8)),$J8+$H8,NA()) -> 334 | AC8: 7 | AG8: {=IFERROR(INDEX(Data!$AB$2:$AB$81,MATCH(A8,Data!$B$2:$B$81,0)),1)} -> 1
A9: Web Platform - Feature 8 | B9: Web Platform | C9: Planning | D9: 45160 | E9: 45202 | G9: 42 | I9: 10 | J9: 231 | U9: =IF(AND(OR($S$1="All Product Lines",$S$1="",B9=$S$1),OR($T$1="All Statuses",$T$1="",C9=$T$1)),1,0) -> 1 | V9: =IF($AG9=1,$J9,NA()) -> 231 | W9: =IF($AG9=1,$G9,NA()) -> 42 | X9: =IF(AND($AG9=1,ISNUMBER($H9)),$H9,NA()) -> #N/A | Y9: =IF(ISNUMBER(G9),J9+G9,NA()) -> 273 | Z9: =IF(ISNUMBER(H9),J9+H9,NA()) -> #N/A | AA9: =IF($AG9=1,$J9+$G9,NA()) -> 273 | AB9: =IF(AND($AG9=1,ISNUMBER($H9)),$J9+$H9,NA()) -> #N/A | AC9: 8 | AG9: {=IFERROR(INDEX(Data!$AB$2:$AB$81,MATCH(A9,Data!$B$2:$B$81,0)),1)} -> 1
A10: Analytics Suite - Feature 9 | B10: Analytics Suite | C10: Launched | D10: 45050 | E10: 45175 | F10: 45177 | G10: 125 | H10: 127 | I10: 100 | J10: 121 | U10: =IF(AND(OR($S$1="All Product Lines",$S$1="",B10=$S$1),OR($T$1="All Statuses",$T$1="",C10=$T$1)),1,0) -> 1 | V10: =IF($AG10=1,$J10,NA()) -> 121 | W10: =IF($AG10=1,$G10,NA()) -> 125 | X10: =IF(AND($AG10=1,ISNUMBER($H10)),$H10,NA()) -> 127 | Y10: =IF(ISNUMBER(G10),J10+G10,NA()) -> 246 | Z10: =IF(ISNUMBER(H10),J10+H10,NA()) -> 248 | AA10: =IF($AG10=1,$J10+$G10,NA()) -> 246 | AB10: =IF(AND($AG10=1,ISNUMBER($H10)),$J10+$H10,NA()) -> 248 | AC10: 9 | AG10: {=IFERROR(INDEX(Data!$AB$2:$AB$81,MATCH(A10,Data!$B$2:$B$81,0)),1)} -> 1
A11: API - Feature 10 | B11: API | C11: Planning | D11: 45124 | E11: 45166 | G11: 42 | I11: 10 | J11: 195 | U11: =IF(AND(OR($S$1="All Product Lines",$S$1="",B11=$S$1),OR($T$1="All Statuses",$T$1="",C11=$T$1)),1,0) -> 1 | V11: =IF($AG11=1,$J11,NA()) -> 195 | W11: =IF($AG11=1,$G11,NA()) -> 42 | X11: =IF(AND($AG11=1,ISNUMBER($H11)),$H11,NA()) -> #N/A | Y11: =IF(ISNUMBER(G11),J11+G11,NA()) -> 237 | Z11: =IF(ISNUMBER(H11),J11+H11,NA()) -> #N/A | AA11: =IF($AG11=1,$J11+$G11,NA()) -> 237 | AB11: =IF(AND($AG11=1,ISNUMBER($H11)),$J11+$H11,NA()) -> #N/A | AC11: 10 | AG11: {=IFERROR(INDEX(Data!$AB$2:$AB$81,MATCH(A11,Data!$B$2:$B$81,0)),1)} -> 1
A12: Web Platform - Feature 11 | B12: Web Platform | C12: In Development | D12: 45189 | E12: 45224 | G12: 35 | I12: 50 | J12: 260 | U12: =IF(AND(OR($S$1="All Product Lines",$S$1="",B12=$S$1),OR($T$1="All Statuses",$T$1="",C12=$T$1)),1,0) -> 1 | V12: =IF($AG12=1,$J12,NA()) -> 260 | W12: =IF($AG12=1,$G12,NA()) -> 35 | X12: =IF(AND($AG12=1,ISNUMBER($H12)),$H12,NA()) -> #N/A | Y12: =IF(ISNUMBER(G12),J12+G12,NA()) -> 295 | Z12: =IF(ISNUMBER(H12),J12+H12,NA()) -> #N/A | AA12: =IF($AG12=1,$J12+$G12,NA()) -> 295 | AB12: =IF(AND($AG12=1,ISNUMBER($H12)),$J12+$H12,NA()) -> #N/A | AC12: 11 | AG12: {=IFERROR(INDEX(Data!$AB$2:$AB$81,MATCH(A12,Data!$B$2:$B$81,0)),1)} -> 1
A13: Web Platform - Feature 12 | B13: Web Platform | C13: Testing | D13: 45143 | E13: 45269 | G13: 126 | I13: 80 | J13: 214 | U13: =IF(AND(OR($S$1="All Product Lines",$S$1="",B13=$S$1),OR($T$1="All Statuses",$T$1="",C13=$T$1)),1,0) -> 1 | V13: =IF($AG13=1,$J13,NA()) -> 214 | W13: =IF($AG13=1,$G13,NA()) -> 126 | X13: =IF(AND($AG13=1,ISNUMBER($H13)),$H13,NA()) -> #N/A | Y13: =IF(ISNUMBER(G13),J13+G13,NA()) -> 340 | Z13: =IF(ISNUMBER(H13),J13+H13,NA()) -> #N/A | AA13: =IF($AG13=1,$J13+$G13,NA()) -> 340 | AB13: =IF(AND($AG13=1,ISNUMBER($H13)),$J13+$H13,NA()) -> #N/A | AC13: 12 | AG13: {=IFERROR(INDEX(Data!$AB$2:$AB$81,MATCH(A13,Data!$B$2:$B$81,0)),1)} -> 1
A14: Analytics Suite - Feature 13 | B14: Analytics Suite | C14: On Hold | D14: 44979 | E14: 45010 | G14: 31 | I14: 25 | J14: 50 | U14: =IF(AND(OR($S$1="All Product Lines",$S$1="",B14=$S$1),OR($T$1="All Statuses",$T$1="",C14=$T$1)),1,0) -> 1 | V14: =IF($AG14=1,$J14,NA()) -> 50 | W14: =IF($AG14=1,$G14,NA()) -> 31 | X14: =IF(AND($AG14=1,ISNUMBER($H14)),$H14,NA()) -> #N/A | Y14: =IF(ISNUMBER(G14),J14+G14,NA()) -> 81 | Z14: =IF(ISNUMBER(H14),J14+H14,NA()) -> #N/A | AA14: =IF($AG14=1,$J14+$G14,NA()) -> 81 | AB14: =IF(AND($AG14=1,ISNUMBER($H14)),$J14+$H14,NA()) -> #N/A | AC14: 13 | AG14: {=IFERROR(INDEX(Data!$AB$2:$AB$81,MATCH(A14,Data!$B$2:$B$81,0)),1)} -> 1
A15: API - Feature 14 | B15: API | C15: Planning | D15: 45099 | E15: 45199 | G15: 100 | I15: 10 | J15: 170 | U15: =IF(AND(OR($S$1="All Product Lines",$S$1="",B15=$S$1),OR($T$1="All Statuses",$T$1="",C15=$T$1)),1,0) -> 1 | V15: =IF($AG15=1,$J15,NA()) -> 170 | W15: =IF($AG15=1,$G15,NA()) -> 100 | X15: =IF(AND($AG15=1,ISNUMBER($H15)),$H15,NA()) -> #N/A | Y15: =IF(ISNUMBER(G15),J15+G15,NA()) -> 270 | Z15: =IF(ISNUMBER(H15),J15+H15,NA()) -> #N/A | AA15: =IF($AG15=1,$J15+$G15,NA()) -> 270 | AB15: =IF(AND($AG15=1,ISNUMBER($H15)),$J15+$H15,NA()) -> #N/A | AC15: 14 | AG15: {=IFERROR(INDEX(Data!$AB$2:$AB$81,MATCH(A15,Data!$B$2:$B$81,0)),1)} -> 1
A16: Web Platform - Feature 15 | B16: Web Platform | C16: On Hold | D16: 45234 | E16: 45367 | G16: 133 | I16: 25 | J16: 305 | U16: =IF(AND(OR($S$1="All Product Lines",$S$1="",B16=$S$1),OR($T$1="All Statuses",$T$1="",C16=$T$1)),1,0) -> 1 | V16: =IF($AG16=1,$J16,NA()) -> 305 | W16: =IF($AG16=1,$G16,NA()) -> 133 | X16: =IF(AND($AG16=1,ISNUMBER($H16)),$H16,NA()) -> #N/A | Y16: =IF(ISNUMBER(G16),J16+G16,NA()) -> 438 | Z16: =IF(ISNUMBER(H16),J16+H16,NA()) -> #N/A | AA16: =IF($AG16=1,$J16+$G16,NA()) -> 438 | AB16: =IF(AND($AG16=1,ISNUMBER($H16)),$J16+$H16,NA()) -> #N/A | AC16: 15 | AG16: {=IFERROR(INDEX(Data!$AB$2:$AB$81,MATCH(A16,Data!$B$2:$B$81,0)),1)} -> 1
A17: API - Feature 16 | B17: API | C17: Testing | D17: 45125 | E17: 45164 | G17: 39 | I17: 80 | J17: 196 | U17: =IF(AND(OR($S$1="All Product Lines",$S$1="",B17=$S$1),OR($T$1="All Statuses",$T$1="",C17=$T$1)),1,0) -> 1 | V17: =IF($AG17=1,$J17,NA()) -> 196 | W17: =IF($AG17=1,$G17,NA()) -> 39 | X17: =IF(AND($AG17=1,ISNUMBER($H17)),$H17,NA()) -> #N/A | Y17: =IF(ISNUMBER(G17),J17+G17,NA()) -> 235 | Z17: =IF(ISNUMBER(H17),J17+H17,NA()) -> #N/A | AA17: =IF($AG17=1,$J17+$G17,NA()) -> 235 | AB17: =IF(AND($AG17=1,ISNUMBER($H17)),$J17+$H17,NA()) -> #N/A | AC17: 16 | AG17: {=IFERROR(INDEX(Data!$AB$2:$AB$81,MATCH(A17,Data!$B$2:$B$81,0)),1)} -> 1
A18: Web Platform - Feature 17 | B18: Web Platform | C18: On Hold | D18: 45186 | E18: 45292 | G18: 106 | I18: 25 | J18: 257 | U18: =IF(AND(OR($S$1="All Product Lines",$S$1="",B18=$S$1),OR($T$1="All Statuses",$T$1="",C18=$T$1)),1,0) -> 1 | V18: =IF($AG18=1,$J18,NA()) -> 257 | W18: =IF($AG18=1,$G18,NA()) -> 106 | X18: =IF(AND($AG18=1,ISNUMBER($H18)),$H18,NA()) -> #N/A | Y18: =IF(ISNUMBER(G18),J18+G18,NA()) -> 363 | Z18: =IF(ISNUMBER(H18),J18+H18,NA()) -> #N/A | AA18: =IF($AG18=1,$J18+$G18,NA()) -> 363 | AB18: =IF(AND($AG18=1,ISNUMBER($H18)),$J18+$H18,NA()) -> #N/A | AC18: 17 | AG18: {=IFERROR(INDEX(Data!$AB$2:$AB$81,MATCH(A18,Data!$B$2:$B$81,0)),1)} -> 1
A19: Mobile App - Feature 18 | B19: Mobile App | C19: Launched | D19: 45213 | E19: 45289 | F19: 45315 | G19: 76 | H19: 102 | I19: 100 | J19: 284 | U19: =IF(AND(OR($S$1="All Product Lines",$S$1="",B19=$S$1),OR($T$1="All Statuses",$T$1="",C19=$T$1)),1,0) -> 1 | V19: =IF($AG19=1,$J19,NA()) -> 284 | W19: =IF($AG19=1,$G19,NA()) -> 76 | X19: =IF(AND($AG19=1,ISNUMBER($H19)),$H19,NA()) -> 102 | Y19: =IF(ISNUMBER(G19),J19+G19,NA()) -> 360 | Z19: =IF(ISNUMBER(H19),J19+H19,NA()) -> 386 | AA19: =IF($AG19=1,$J19+$G19,NA()) -> 360 | AB19: =IF(AND($AG19=1,ISNUMBER($H19)),$J19+$H19,NA()) -> 386 | AC19: 18 | AG19: {=IFERROR(INDEX(Data!$AB$2:$AB$81,MATCH(A19,Data!$B$2:$B$81,0)),1)} -> 1
A20: API - Feature 19 | B20: API | C20: Testing | D20: 45077 | E20: 45225 | G20: 148 | I20: 80 | J20: 148 | U20: =IF(AND(OR($S$1="All Product Lines",$S$1="",B20=$S$1),OR($T$1="All Statuses",$T$1="",C20=$T$1)),1,0) -> 1 | V20: =IF($AG20=1,$J20,NA()) -> 148 | W20: =IF($AG20=1,$G20,NA()) -> 148 | X20: =IF(AND($AG20=1,ISNUMBER($H20)),$H20,NA()) -> #N/A | Y20: =IF(ISNUMBER(G20),J20+G20,NA()) -> 296 | Z20: =IF(ISNUMBER(H20),J20+H20,NA()) -> #N/A | AA20: =IF($AG20=1,$J20+$G20,NA()) -> 296 | AB20: =IF(AND($AG20=1,ISNUMBER($H20)),$J20+$H20,NA()) -> #N/A | AC20: 19 | AG20: {=IFERROR(INDEX(Data!$AB$2:$AB$81,MATCH(A20,Data!$B$2:$B$81,0)),1)} -> 1
A21: Data Infrastructure - Feature 20 | B21: Data Infrastructure | C21: In Development | D21: 45198 | E21: 45304 | G21: 106 | I21: 50 | J21: 269 | U21: =IF(AND(OR($S$1="All Product Lines",$S$1="",B21=$S$1),OR($T$1="All Statuses",$T$1="",C21=$T$1)),1,0) -> 1 | V21: =IF($AG21=1,$J21,NA()) -> 269 | W21: =IF($AG21=1,$G21,NA()) -> 106 | X21: =IF(AND($AG21=1,ISNUMBER($H21)),$H21,NA()) -> #N/A | Y21: =IF(ISNUMBER(G21),J21+G21,NA()) -> 375 | Z21: =IF(ISNUMBER(H21),J21+H21,NA()) -> #N/A | AA21: =IF($AG21=1,$J21+$G21,NA()) -> 375 | AB21: =IF(AND($AG21=1,ISNUMBER($H21)),$J21+$H21,NA()) -> #N/A | AC21: 20 | AG21: {=IFERROR(INDEX(Data!$AB$2:$AB$81,MATCH(A21,Data!$B$2:$B$81,0)),1)} -> 1
A22: API - Feature 21 | B22: API | C22: Launched | D22: 45088 | E22: 45164 | F22: 45200 | G22: 76 | H22: 112 | I22: 100 | J22: 159 | U22: =IF(AND(OR($S$1="All Product Lines",$S$1="",B22=$S$1),OR($T$1="All Statuses",$T$1="",C22=$T$1)),1,0) -> 1 | V22: =IF($AG22=1,$J22,NA()) -> 159 | W22: =IF($AG22=1,$G22,NA()) -> 76 | X22: =IF(AND($AG22=1,ISNUMBER($H22)),$H22,NA()) -> 112 | Y22: =IF(ISNUMBER(G22),J22+G22,NA()) -> 235 | Z22: =IF(ISNUMBER(H22),J22+H22,NA()) -> 271 | AA22: =IF($AG22=1,$J22+$G22,NA()) -> 235 | AB22: =IF(AND($AG22=1,ISNUMBER($H22)),$J22+$H22,NA()) -> 271 | AC22: 21 | AG22: {=IFERROR(INDEX(Data!$AB$2:$AB$81,MATCH(A22,Data!$B$2:$B$81,0)),1)} -> 1
A23: API - Feature 22 | B23: API | C23: In Development | D23: 45008 | E23: 45163 | G23: 155 | I23: 50 | J23: 79 | U23: =IF(AND(OR($S$1="All Product Lines",$S$1="",B23=$S$1),OR($T$1="All Statuses",$T$1="",C23=$T$1)),1,0) -> 1 | V23: =IF($AG23=1,$J23,NA()) -> 79 | W23: =IF($AG23=1,$G23,NA()) -> 155 | X23: =IF(AND($AG23=1,ISNUMBER($H23)),$H23,NA()) -> #N/A | Y23: =IF(ISNUMBER(G23),J23+G23,NA()) -> 234 | Z23: =IF(ISNUMBER(H23),J23+H23,NA()) -> #N/A | AA23: =IF($AG23=1,$J23+$G23,NA()) -> 234 | AB23: =IF(AND($AG23=1,ISNUMBER($H23)),$J23+$H23,NA()) -> #N/A | AC23: 22 | AG23: {=IFERROR(INDEX(Data!$AB$2:$AB$81,MATCH(A23,Data!$B$2:$B$81,0)),1)} -> 1
A24: Data Infrastructure - Feature 23 | B24: Data Infrastructure | C24: Launched | D24: 44929 | E24: 44968 | F24: 44968 | G24: 39 | H24: 39 | I24: 100 | J24: 0 | U24: =IF(AND(OR($S$1="All Product Lines",$S$1="",B24=$S$1),OR($T$1="All Statuses",$T$1="",C24=$T$1)),1,0) -> 1 | V24: =IF($AG24=1,$J24,NA()) -> 0 | W24: =IF($AG24=1,$G24,NA()) -> 39 | X24: =IF(AND($AG24=1,ISNUMBER($H24)),$H24,NA()) -> 39 | Y24: =IF(ISNUMBER(G24),J24+G24,NA()) -> 39 | Z24: =IF(ISNUMBER(H24),J24+H24,NA()) -> 39 | AA24: =IF($AG24=1,$J24+$G24,NA()) -> 39 | AB24: =IF(AND($AG24=1,ISNUMBER($H24)),$J24+$H24,NA()) -> 39 | AC24: 23 | AG24: {=IFERROR(INDEX(Data!$AB$2:$AB$81,MATCH(A24,Data!$B$2:$B$81,0)),1)} -> 1
A25: Mobile App - Feature 24 | B25: Mobile App | C25: In Development | D25: 45086 | E25: 45149 | G25: 63 | I25: 50 | J25: 157 | U25: =IF(AND(OR($S$1="All Product Lines",$S$1="",B25=$S$1),OR($T$1="All Statuses",$T$1="",C25=$T$1)),1,0) -> 1 | V25: =IF($AG25=1,$J25,NA()) -> 157 | W25: =IF($AG25=1,$G25,NA()) -> 63 | X25: =IF(AND($AG25=1,ISNUMBER($H25)),$H25,NA()) -> #N/A | Y25: =IF(ISNUMBER(G25),J25+G25,NA()) -> 220 | Z25: =IF(ISNUMBER(H25),J25+H25,NA()) -> #N/A | AA25: =IF($AG25=1,$J25+$G25,NA()) -> 220 | AB25: =IF(AND($AG25=1,ISNUMBER($H25)),$J25+$H25,NA()) -> #N/A | AC25: 24 | AG25: {=IFERROR(INDEX(Data!$AB$2:$AB$81,MATCH(A25,Data!$B$2:$B$81,0)),1)} -> 1
A26: Mobile App - Feature 25 | B26: Mobile App | C26: Planning | D26: 45160 | E26: 45323 | G26: 163 | I26: 10 | J26: 231 | U26: =IF(AND(OR($S$1="All Product Lines",$S$1="",B26=$S$1),OR($T$1="All Statuses",$T$1="",C26=$T$1)),1,0) -> 1 | V26: =IF($AG26=1,$J26,NA()) -> 231 | W26: =IF($AG26=1,$G26,NA()) -> 163 | X26: =IF(AND($AG26=1,ISNUMBER($H26)),$H26,NA()) -> #N/A | Y26: =IF(ISNUMBER(G26),J26+G26,NA()) -> 394 | Z26: =IF(ISNUMBER(H26),J26+H26,NA()) -> #N/A | AA26: =IF($AG26=1,$J26+$G26,NA()) -> 394 | AB26: =IF(AND($AG26=1,ISNUMBER($H26)),$J26+$H26,NA()) -> #N/A | AC26: 25 | AG26: {=IFERROR(INDEX(Data!$AB$2:$AB$81,MATCH(A26,Data!$B$2:$B$81,0)),1)} -> 1
A27: Data Infrastructure - Feature 26 | B27: Data Infrastructure | C27: Testing | D27: 45133 | E27: 45167 | G27: 34 | I27: 80 | J27: 204 | U27: =IF(AND(OR($S$1="All Product Lines",$S$1="",B27=$S$1),OR($T$1="All Statuses",$T$1="",C27=$T$1)),1,0) -> 1 | V27: =IF($AG27=1,$J27,NA()) -> 204 | W27: =IF($AG27=1,$G27,NA()) -> 34 | X27: =IF(AND($AG27=1,ISNUMBER($H27)),$H27,NA()) -> #N/A | Y27: =IF(ISNUMBER(G27),J27+G27,NA()) -> 238 | Z27: =IF(ISNUMBER(H27),J27+H27,NA()) -> #N/A | AA27: =IF($AG27=1,$J27+$G27,NA()) -> 238 | AB27: =IF(AND($AG27=1,ISNUMBER($H27)),$J27+$H27,NA()) -> #N/A | AC27: 26 | AG27: {=IFERROR(INDEX(Data!$AB$2:$AB$81,MATCH(A27,Data!$B$2:$B$81,0)),1)} -> 1
A28: Analytics Suite - Feature 27 | B28: Analytics Suite | C28: On Hold | D28: 45114 | E28: 45153 | G28: 39 | I28: 25 | J28: 185 | U28: =IF(AND(OR($S$1="All Product Lines",$S$1="",B28=$S$1),OR($T$1="All Statuses",$T$1="",C28=$T$1)),1,0) -> 1 | V28: =IF($AG28=1,$J28,NA()) -> 185 | W28: =IF($AG28=1,$G28,NA()) -> 39 | X28: =IF(AND($AG28=1,ISNUMBER($H28)),$H28,NA()) -> #N/A | Y28: =IF(ISNUMBER(G28),J28+G28,NA()) -> 224 | Z28: =IF(ISNUMBER(H28),J28+H28,NA()) -> #N/A | AA28: =IF($AG28=1,$J28+$G28,NA()) -> 224 | AB28: =IF(AND($AG28=1,ISNUMBER($H28)),$J28+$H28,NA()) -> #N/A | AC28: 27 | AG28: {=IFERROR(INDEX(Data!$AB$2:$AB$81,MATCH(A28,Data!$B$2:$B$81,0)),1)} -> 1
A29: Analytics Suite - Feature 28 | B29: Analytics Suite | C29: Planning | D29: 44951 | E29: 45010 | G29: 59 | I29: 10 | J29: 22 | U29: =IF(AND(OR($S$1="All Product Lines",$S$1="",B29=$S$1),OR($T$1="All Statuses",$T$1="",C29=$T$1)),1,0) -> 1 | V29: =IF($AG29=1,$J29,NA()) -> 22 | W29: =IF($AG29=1,$G29,NA()) -> 59 | X29: =IF(AND($AG29=1,ISNUMBER($H29)),$H29,NA()) -> #N/A | Y29: =IF(ISNUMBER(G29),J29+G29,NA()) -> 81 | Z29: =IF(ISNUMBER(H29),J29+H29,NA()) -> #N/A | AA29: =IF($AG29=1,$J29+$G29,NA()) -> 81 | AB29: =IF(AND($AG29=1,ISNUMBER($H29)),$J29+$H29,NA()) -> #N/A | AC29: 28 | AG29: {=IFERROR(INDEX(Data!$AB$2:$AB$81,MATCH(A29,Data!$B$2:$B$81,0)),1)} -> 1
A30: Data Infrastructure - Feature 29 | B30: Data Infrastructure | C30: In Development | D30: 45081 | E30: 45218 | G30: 137 | I30: 50 | J30: 152 | U30: =IF(AND(OR($S$1="All Product Lines",$S$1="",B30=$S$1),OR($T$1="All Statuses",$T$1="",C30=$T$1)),1,0) -> 1 | V30: =IF($AG30=1,$J30,NA()) -> 152 | W30: =IF($AG30=1,$G30,NA()) -> 137 | X30: =IF(AND($AG30=1,ISNUMBER($H30)),$H30,NA()) -> #N/A | Y30: =IF(ISNUMBER(G30),J30+G30,NA()) -> 289 | Z30: =IF(ISNUMBER(H30),J30+H30,NA()) -> #N/A | AA30: =IF($AG30=1,$J30+$G30,NA()) -> 289 | AB30: =IF(AND($AG30=1,ISNUMBER($H30)),$J30+$H30,NA()) -> #N/A | AC30: 29 | AG30: {=IFERROR(INDEX(Data!$AB$2:$AB$81,MATCH(A30,Data!$B$2:$B$81,0)),1)} -> 1
A31: Data Infrastructure - Feature 30 | B31: Data Infrastructure | C31: Planning | D31: 44985 | E31: 45042 | G31: 57 | I31: 10 | J31: 56 | U31: =IF(AND(OR($S$1="All Product Lines",$S$1="",B31=$S$1),OR($T$1="All Statuses",$T$1="",C31=$T$1)),1,0) -> 1 | V31: =IF($AG31=1,$J31,NA()) -> 56 | W31: =IF($AG31=1,$G31,NA()) -> 57 | X31: =IF(AND($AG31=1,ISNUMBER($H31)),$H31,NA()) -> #N/A | Y31: =IF(ISNUMBER(G31),J31+G31,NA()) -> 113 | Z31: =IF(ISNUMBER(H31),J31+H31,NA()) -> #N/A | AA31: =IF($AG31=1,$J31+$G31,NA()) -> 113 | AB31: =IF(AND($AG31=1,ISNUMBER($H31)),$J31+$H31,NA()) -> #N/A | AC31: 30 | AG31: {=IFERROR(INDEX(Data!$AB$2:$AB$81,MATCH(A31,Data!$B$2:$B$81,0)),1)} -> 1
A32: API - Feature 31 | B32: API | C32: Launched | D32: 44947 | E32: 45117 | F32: 45115 | G32: 170 | H32: 168 | I32: 100 | J32: 18 | U32: =IF(AND(OR($S$1="All Product Lines",$S$1="",B32=$S$1),OR($T$1="All Statuses",$T$1="",C32=$T$1)),1,0) -> 1 | V32: =IF($AG32=1,$J32,NA()) -> 18 | W32: =IF($AG32=1,$G32,NA()) -> 170 | X32: =IF(AND($AG32=1,ISNUMBER($H32)),$H32,NA()) -> 168 | Y32: =IF(ISNUMBER(G32),J32+G32,NA()) -> 188 | Z32: =IF(ISNUMBER(H32),J32+H32,NA()) -> 186 | AA32: =IF($AG32=1,$J32+$G32,NA()) -> 188 | AB32: =IF(AND($AG32=1,ISNUMBER($H32)),$J32+$H32,NA()) -> 186 | AC32: 31 | AG32: {=IFERROR(INDEX(Data!$AB$2:$AB$81,MATCH(A32,Data!$B$2:$B$81,0)),1)} -> 1
A33: Analytics Suite - Feature 32 | B33: Analytics Suite | C33: Launched | D33: 45188 | E33: 45237 | F33: 45248 | G33: 49 | H33: 60 | I33: 100 | J33: 259 | U33: =IF(AND(OR($S$1="All Product Lines",$S$1="",B33=$S$1),OR($T$1="All Statuses",$T$1="",C33=$T$1)),1,0) -> 1 | V33: =IF($AG33=1,$J33,NA()) -> 259 | W33: =IF($AG33=1,$G33,NA()) -> 49 | X33: =IF(AND($AG33=1,ISNUMBER($H33)),$H33,NA()) -> 60 | Y33: =IF(ISNUMBER(G33),J33+G33,NA()) -> 308 | Z33: =IF(ISNUMBER(H33),J33+H33,NA()) -> 319 | AA33: =IF($AG33=1,$J33+$G33,NA()) -> 308 | AB33: =IF(AND($AG33=1,ISNUMBER($H33)),$J33+$H33,NA()) -> 319 | AC33: 32 | AG33: {=IFERROR(INDEX(Data!$AB$2:$AB$81,MATCH(A33,Data!$B$2:$B$81,0)),1)} -> 1
A34: Mobile App - Feature 33 | B34: Mobile App | C34: In Development | D34: 45111 | E34: 45221 | G34: 110 | I34: 50 | J34: 182 | U34: =IF(AND(OR($S$1="All Product Lines",$S$1="",B34=$S$1),OR($T$1="All Statuses",$T$1="",C34=$T$1)),1,0) -> 1 | V34: =IF($AG34=1,$J34,NA()) -> 182 | W34: =IF($AG34=1,$G34,NA()) -> 110 | X34: =IF(AND($AG34=1,ISNUMBER($H34)),$H34,NA()) -> #N/A | Y34: =IF(ISNUMBER(G34),J34+G34,NA()) -> 292 | Z34: =IF(ISNUMBER(H34),J34+H34,NA()) -> #N/A | AA34: =IF($AG34=1,$J34+$G34,NA()) -> 292 | AB34: =IF(AND($AG34=1,ISNUMBER($H34)),$J34+$H34,NA()) -> #N/A | AC34: 33 | AG34: {=IFERROR(INDEX(Data!$AB$2:$AB$81,MATCH(A34,Data!$B$2:$B$81,0)),1)} -> 1
A35: Web Platform - Feature 34 | B35: Web Platform | C35: In Development | D35: 45151 | E35: 45249 | G35: 98 | I35: 50 | J35: 222 | U35: =IF(AND(OR($S$1="All Product Lines",$S$1="",B35=$S$1),OR($T$1="All Statuses",$T$1="",C35=$T$1)),1,0) -> 1 | V35: =IF($AG35=1,$J35,NA()) -> 222 | W35: =IF($AG35=1,$G35,NA()) -> 98 | X35: =IF(AND($AG35=1,ISNUMBER($H35)),$H35,NA()) -> #N/A | Y35: =IF(ISNUMBER(G35),J35+G35,NA()) -> 320 | Z35: =IF(ISNUMBER(H35),J35+H35,NA()) -> #N/A | AA35: =IF($AG35=1,$J35+$G35,NA()) -> 320 | AB35: =IF(AND($AG35=1,ISNUMBER($H35)),$J35+$H35,NA()) -> #N/A | AC35: 34 | AG35: {=IFERROR(INDEX(Data!$AB$2:$AB$81,MATCH(A35,Data!$B$2:$B$81,0)),1)} -> 1
A36: Data Infrastructure - Feature 35 | B36: Data Infrastructure | C36: Launched | D36: 45124 | E36: 45276 | F36: 45322 | G36: 152 | H36: 198 | I36: 100 | J36: 195 | U36: =IF(AND(OR($S$1="All Product Lines",$S$1="",B36=$S$1),OR($T$1="All Statuses",$T$1="",C36=$T$1)),1,0) -> 1 | V36: =IF($AG36=1,$J36,NA()) -> 195 | W36: =IF($AG36=1,$G36,NA()) -> 152 | X36: =IF(AND($AG36=1,ISNUMBER($H36)),$H36,NA()) -> 198 | Y36: =IF(ISNUMBER(G36),J36+G36,NA()) -> 347 | Z36: =IF(ISNUMBER(H36),J36+H36,NA()) -> 393 | AA36: =IF($AG36=1,$J36+$G36,NA()) -> 347 | AB36: =IF(AND($AG36=1,ISNUMBER($H36)),$J36+$H36,NA()) -> 393 | AC36: 35 | AG36: {=IFERROR(INDEX(Data!$AB$2:$AB$81,MATCH(A36,Data!$B$2:$B$81,0)),1)} -> 1
A37: Analytics Suite - Feature 36 | B37: Analytics Suite | C37: Launched | D37: 45239 | E37: 45366 | F37: 45410 | G37: 127 | H37: 171 | I37: 100 | J37: 310 | U37: =IF(AND(OR($S$1="All Product Lines",$S$1="",B37=$S$1),OR($T$1="All Statuses",$T$1="",C37=$T$1)),1,0) -> 1 | V37: =IF($AG37=1,$J37,NA()) -> 310 | W37: =IF($AG37=1,$G37,NA()) -> 127 | X37: =IF(AND($AG37=1,ISNUMBER($H37)),$H37,NA()) -> 171 | Y37: =IF(ISNUMBER(G37),J37+G37,NA()) -> 437 | Z37: =IF(ISNUMBER(H37),J37+H37,NA()) -> 481 | AA37: =IF($AG37=1,$J37+$G37,NA()) -> 437 | AB37: =IF(AND($AG37=1,ISNUMBER($H37)),$J37+$H37,NA()) -> 481 | AC37: 36 | AG37: {=IFERROR(INDEX(Data!$AB$2:$AB$81,MATCH(A37,Data!$B$2:$B$81,0)),1)} -> 1
A38: Mobile App - Feature 37 | B38: Mobile App | C38: Launched | D38: 44959 | E38: 45055 | F38: 45050 | G38: 96 | H38: 91 | I38: 100 | J38: 30 | U38: =IF(AND(OR($S$1="All Product Lines",$S$1="",B38=$S$1),OR($T$1="All Statuses",$T$1="",C38=$T$1)),1,0) -> 1 | V38: =IF($AG38=1,$J38,NA()) -> 30 | W38: =IF($AG38=1,$G38,NA()) -> 96 | X38: =IF(AND($AG38=1,ISNUMBER($H38)),$H38,NA()) -> 91 | Y38: =IF(ISNUMBER(G38),J38+G38,NA()) -> 126 | Z38: =IF(ISNUMBER(H38),J38+H38,NA()) -> 121 | AA38: =IF($AG38=1,$J38+$G38,NA()) -> 126 | AB38: =IF(AND($AG38=1,ISNUMBER($H38)),$J38+$H38,NA()) -> 121 | AC38: 37 | AG38: {=IFERROR(INDEX(Data!$AB$2:$AB$81,MATCH(A38,Data!$B$2:$B$81,0)),1)} -> 1
A39: API - Feature 38 | B39: API | C39: On Hold | D39: 45265 | E39: 45358 | G39: 93 | I39: 25 | J39: 336 | U39: =IF(AND(OR($S$1="All Product Lines",$S$1="",B39=$S$1),OR($T$1="All Statuses",$T$1="",C39=$T$1)),1,0) -> 1 | V39: =IF($AG39=1,$J39,NA()) -> 336 | W39: =IF($AG39=1,$G39,NA()) -> 93 | X39: =IF(AND($AG39=1,ISNUMBER($H39)),$H39,NA()) -> #N/A | Y39: =IF(ISNUMBER(G39),J39+G39,NA()) -> 429 | Z39: =IF(ISNUMBER(H39),J39+H39,NA()) -> #N/A | AA39: =IF($AG39=1,$J39+$G39,NA()) -> 429 | AB39: =IF(AND($AG39=1,ISNUMBER($H39)),$J39+$H39,NA()) -> #N/A | AC39: 38 | AG39: {=IFERROR(INDEX(Data!$AB$2:$AB$81,MATCH(A39,Data!$B$2:$B$81,0)),1)} -> 1
A40: Analytics Suite - Feature 39 | B40: Analytics Suite | C40: On Hold | D40: 45256 | E40: 45326 | G40: 70 | I40: 25 | J40: 327 | U40: =IF(AND(OR($S$1="All Product Lines",$S$1="",B40=$S$1),OR($T$1="All Statuses",$T$1="",C40=$T$1)),1,0) -> 1 | V40: =IF($AG40=1,$J40,NA()) -> 327 | W40: =IF($AG40=1,$G40,NA()) -> 70 | X40: =IF(AND($AG40=1,ISNUMBER($H40)),$H40,NA()) -> #N/A | Y40: =IF(ISNUMBER(G40),J40+G40,NA()) -> 397 | Z40: =IF(ISNUMBER(H40),J40+H40,NA()) -> #N/A | AA40: =IF($AG40=1,$J40+$G40,NA()) -> 397 | AB40: =IF(AND($AG40=1,ISNUMBER($H40)),$J40+$H40,NA()) -> #N/A | AC40: 39 | AG40: {=IFERROR(INDEX(Data!$AB$2:$AB$81,MATCH(A40,Data!$B$2:$B$81,0)),1)} -> 1
A41: Data Infrastructure - Feature 40 | B41: Data Infrastructure | C41: Testing | D41: 45069 | E41: 45111 | G41: 42 | I41: 80 | J41: 140 | U41: =IF(AND(OR($S$1="All Product Lines",$S$1="",B41=$S$1),OR($T$1="All Statuses",$T$1="",C41=$T$1)),1,0) -> 1 | V41: =IF($AG41=1,$J41,NA()) -> 140 | W41: =IF($AG41=1,$G41,NA()) -> 42 | X41: =IF(AND($AG41=1,ISNUMBER($H41)),$H41,NA()) -> #N/A | Y41: =IF(ISNUMBER(G41),J41+G41,NA()) -> 182 | Z41: =IF(ISNUMBER(H41),J41+H41,NA()) -> #N/A | AA41: =IF($AG41=1,$J41+$G41,NA()) -> 182 | AB41: =IF(AND($AG41=1,ISNUMBER($H41)),$J41+$H41,NA()) -> #N/A | AC41: 40 | AG41: {=IFERROR(INDEX(Data!$AB$2:$AB$81,MATCH(A41,Data!$B$2:$B$81,0)),1)} -> 1
A42: Web Platform - Feature 41 | B42: Web Platform | C42: Planning | D42: 45220 | E42: 45364 | G42: 144 | I42: 10 | J42: 291 | U42: =IF(AND(OR($S$1="All Product Lines",$S$1="",B42=$S$1),OR($T$1="All Statuses",$T$1="",C42=$T$1)),1,0) -> 1 | V42: =IF($AG42=1,$J42,NA()) -> 291 | W42: =IF($AG42=1,$G42,NA()) -> 144 | X42: =IF(AND($AG42=1,ISNUMBER($H42)),$H42,NA()) -> #N/A | Y42: =IF(ISNUMBER(G42),J42+G42,NA()) -> 435 | Z42: =IF(ISNUMBER(H42),J42+H42,NA()) -> #N/A | AA42: =IF($AG42=1,$J42+$G42,NA()) -> 435 | AB42: =IF(AND($AG42=1,ISNUMBER($H42)),$J42+$H42,NA()) -> #N/A | AC42: 41 | AG42: {=IFERROR(INDEX(Data!$AB$2:$AB$81,MATCH(A42,Data!$B$2:$B$81,0)),1)} -> 1
A43: Data Infrastructure - Feature 42 | B43: Data Infrastructure | C43: Planning | D43: 45138 | E43: 45177 | G43: 39 | I43: 10 | J43: 209 | U43: =IF(AND(OR($S$1="All Product Lines",$S$1="",B43=$S$1),OR($T$1="All Statuses",$T$1="",C43=$T$1)),1,0) -> 1 | V43: =IF($AG43=1,$J43,NA()) -> 209 | W43: =IF($AG43=1,$G43,NA()) -> 39 | X43: =IF(AND($AG43=1,ISNUMBER($H43)),$H43,NA()) -> #N/A | Y43: =IF(ISNUMBER(G43),J43+G43,NA()) -> 248 | Z43: =IF(ISNUMBER(H43),J43+H43,NA()) -> #N/A | AA43: =IF($AG43=1,$J43+$G43,NA()) -> 248 | AB43: =IF(AND($AG43=1,ISNUMBER($H43)),$J43+$H43,NA()) -> #N/A | AC43: 42 | AG43: {=IFERROR(INDEX(Data!$AB$2:$AB$81,MATCH(A43,Data!$B$2:$B$81,0)),1)} -> 1
A44: Analytics Suite - Feature 43 | B44: Analytics Suite | C44: On Hold | D44: 45101 | E44: 45224 | G44: 123 | I44: 25 | J44: 172 | U44: =IF(AND(OR($S$1="All Product Lines",$S$1="",B44=$S$1),OR($T$1="All Statuses",$T$1="",C44=$T$1)),1,0) -> 1 | V44: =IF($AG44=1,$J44,NA()) -> 172 | W44: =IF($AG44=1,$G44,NA()) -> 123 | X44: =IF(AND($AG44=1,ISNUMBER($H44)),$H44,NA()) -> #N/A | Y44: =IF(ISNUMBER(G44),J44+G44,NA()) -> 295 | Z44: =IF(ISNUMBER(H44),J44+H44,NA()) -> #N/A | AA44: =IF($AG44=1,$J44+$G44,NA()) -> 295 | AB44: =IF(AND($AG44=1,ISNUMBER($H44)),$J44+$H44,NA()) -> #N/A | AC44: 43 | AG44: {=IFERROR(INDEX(Data!$AB$2:$AB$81,MATCH(A44,Data!$B$2:$B$81,0)),1)} -> 1
A45: API - Feature 44 | B45: API | C45: Launched | D45: 45264 | E45: 45350 | F45: 45350 | G45: 86 | H45: 86 | I45: 100 | J45: 335 | U45: =IF(AND(OR($S$1="All Product Lines",$S$1="",B45=$S$1),OR($T$1="All Statuses",$T$1="",C45=$T$1)),1,0) -> 1 | V45: =IF($AG45=1,$J45,NA()) -> 335 | W45: =IF($AG45=1,$G45,NA()) -> 86 | X45: =IF(AND($AG45=1,ISNUMBER($H45)),$H45,NA()) -> 86 | Y45: =IF(ISNUMBER(G45),J45+G45,NA()) -> 421 | Z45: =IF(ISNUMBER(H45),J45+H45,NA()) -> 421 | AA45: =IF($AG45=1,$J45+$G45,NA()) -> 421 | AB45: =IF(AND($AG45=1,ISNUMBER($H45)),$J45+$H45,NA()) -> 421 | AC45: 44 | AG45: {=IFERROR(INDEX(Data!$AB$2:$AB$81,MATCH(A45,Data!$B$2:$B$81,0)),1)} -> 1
A46: Data Infrastructure - Feature 45 | B46: Data Infrastructure | C46: In Development | D46: 45057 | E46: 45137 | G46: 80 | I46: 50 | J46: 128 | U46: =IF(AND(OR($S$1="All Product Lines",$S$1="",B46=$S$1),OR($T$1="All Statuses",$T$1="",C46=$T$1)),1,0) -> 1 | V46: =IF($AG46=1,$J46,NA()) -> 128 | W46: =IF($AG46=1,$G46,NA()) -> 80 | X46: =IF(AND($AG46=1,ISNUMBER($H46)),$H46,NA()) -> #N/A | Y46: =IF(ISNUMBER(G46),J46+G46,NA()) -> 208 | Z46: =IF(ISNUMBER(H46),J46+H46,NA()) -> #N/A | AA46: =IF($AG46=1,$J46+$G46,NA()) -> 208 | AB46: =IF(AND($AG46=1,ISNUMBER($H46)),$J46+$H46,NA()) -> #N/A | AC46: 45 | AG46: {=IFERROR(INDEX(Data!$AB$2:$AB$81,MATCH(A46,Data!$B$2:$B$81,0)),1)} -> 1
A47: Web Platform - Feature 46 | B47: Web Platform | C47: Testing | D47: 44950 | E47: 45130 | G47: 180 | I47: 80 | J47: 21 | U47: =IF(AND(OR($S$1="All Product Lines",$S$1="",B47=$S$1),OR($T$1="All Statuses",$T$1="",C47=$T$1)),1,0) -> 1 | V47: =IF($AG47=1,$J47,NA()) -> 21 | W47: =IF($AG47=1,$G47,NA()) -> 180 | X47: =IF(AND($AG47=1,ISNUMBER($H47)),$H47,NA()) -> #N/A | Y47: =IF(ISNUMBER(G47),J47+G47,NA()) -> 201 | Z47: =IF(ISNUMBER(H47),J47+H47,NA()) -> #N/A | AA47: =IF($AG47=1,$J47+$G47,NA()) -> 201 | AB47: =IF(AND($AG47=1,ISNUMBER($H47)),$J47+$H47,NA()) -> #N/A | AC47: 46 | AG47: {=IFERROR(INDEX(Data!$AB$2:$AB$81,MATCH(A47,Data!$B$2:$B$81,0)),1)} -> 1
A48: Data Infrastructure - Feature 47 | B48: Data Infrastructure | C48: Planning | D48: 45148 | E48: 45327 | G48: 179 | I48: 10 | J48: 219 | U48: =IF(AND(OR($S$1="All Product Lines",$S$1="",B48=$S$1),OR($T$1="All Statuses",$T$1="",C48=$T$1)),1,0) -> 1 | V48: =IF($AG48=1,$J48,NA()) -> 219 | W48: =IF($AG48=1,$G48,NA()) -> 179 | X48: =IF(AND($AG48=1,ISNUMBER($H48)),$H48,NA()) -> #N/A | Y48: =IF(ISNUMBER(G48),J48+G48,NA()) -> 398 | Z48: =IF(ISNUMBER(H48),J48+H48,NA()) -> #N/A | AA48: =IF($AG48=1,$J48+$G48,NA()) -> 398 | AB48: =IF(AND($AG48=1,ISNUMBER($H48)),$J48+$H48,NA()) -> #N/A | AC48: 47 | AG48: {=IFERROR(INDEX(Data!$AB$2:$AB$81,MATCH(A48,Data!$B$2:$B$81,0)),1)} -> 1
A49: Web Platform - Feature 48 | B49: Web Platform | C49: Planning | D49: 45237 | E49: 45349 | G49: 112 | I49: 10 | J49: 308 | U49: =IF(AND(OR($S$1="All Product Lines",$S$1="",B49=$S$1),OR($T$1="All Statuses",$T$1="",C49=$T$1)),1,0) -> 1 | V49: =IF($AG49=1,$J49,NA()) -> 308 | W49: =IF($AG49=1,$G49,NA()) -> 112 | X49: =IF(AND($AG49=1,ISNUMBER($H49)),$H49,NA()) -> #N/A | Y49: =IF(ISNUMBER(G49),J49+G49,NA()) -> 420 | Z49: =IF(ISNUMBER(H49),J49+H49,NA()) -> #N/A | AA49: =IF($AG49=1,$J49+$G49,NA()) -> 420 | AB49: =IF(AND($AG49=1,ISNUMBER($H49)),$J49+$H49,NA()) -> #N/A | AC49: 48 | AG49: {=IFERROR(INDEX(Data!$AB$2:$AB$81,MATCH(A49,Data!$B$2:$B$81,0)),1)} -> 1
A50: API - Feature 49 | B50: API | C50: Launched | D50: 45158 | E50: 45222 | F50: 45226 | G50: 64 | H50: 68 | I50: 100 | J50: 229 | U50: =IF(AND(OR($S$1="All Product Lines",$S$1="",B50=$S$1),OR($T$1="All Statuses",$T$1="",C50=$T$1)),1,0) -> 1 | V50: =IF($AG50=1,$J50,NA()) -> 229 | W50: =IF($AG50=1,$G50,NA()) -> 64 | X50: =IF(AND($AG50=1,ISNUMBER($H50)),$H50,NA()) -> 68 | Y50: =IF(ISNUMBER(G50),J50+G50,NA()) -> 293 | Z50: =IF(ISNUMBER(H50),J50+H50,NA()) -> 297 | AA50: =IF($AG50=1,$J50+$G50,NA()) -> 293 | AB50: =IF(AND($AG50=1,ISNUMBER($H50)),$J50+$H50,NA()) -> 297 | AC50: 49 | AG50: {=IFERROR(INDEX(Data!$AB$2:$AB$81,MATCH(A50,Data!$B$2:$B$81,0)),1)} -> 1
A51: Analytics Suite - Feature 50 | B51: Analytics Suite | C51: In Development | D51: 45246 | E51: 45350 | G51: 104 | I51: 50 | J51: 317 | U51: =IF(AND(OR($S$1="All Product Lines",$S$1="",B51=$S$1),OR($T$1="All Statuses",$T$1="",C51=$T$1)),1,0) -> 1 | V51: =IF($AG51=1,$J51,NA()) -> 317 | W51: =IF($AG51=1,$G51,NA()) -> 104 | X51: =IF(AND($AG51=1,ISNUMBER($H51)),$H51,NA()) -> #N/A | Y51: =IF(ISNUMBER(G51),J51+G51,NA()) -> 421 | Z51: =IF(ISNUMBER(H51),J51+H51,NA()) -> #N/A | AA51: =IF($AG51=1,$J51+$G51,NA()) -> 421 | AB51: =IF(AND($AG51=1,ISNUMBER($H51)),$J51+$H51,NA()) -> #N/A | AC51: 50 | AG51: {=IFERROR(INDEX(Data!$AB$2:$AB$81,MATCH(A51,Data!$B$2:$B$81,0)),1)} -> 1
A52: Mobile App - Feature 51 | B52: Mobile App | C52: Testing | D52: 45219 | E52: 45355 | G52: 136 | I52: 80 | J52: 290 | U52: =IF(AND(OR($S$1="All Product Lines",$S$1="",B52=$S$1),OR($T$1="All Statuses",$T$1="",C52=$T$1)),1,0) -> 1 | V52: =IF($AG52=1,$J52,NA()) -> 290 | W52: =IF($AG52=1,$G52,NA()) -> 136 | X52: =IF(AND($AG52=1,ISNUMBER($H52)),$H52,NA()) -> #N/A | Y52: =IF(ISNUMBER(G52),J52+G52,NA()) -> 426 | Z52: =IF(ISNUMBER(H52),J52+H52,NA()) -> #N/A | AA52: =IF($AG52=1,$J52+$G52,NA()) -> 426 | AB52: =IF(AND($AG52=1,ISNUMBER($H52)),$J52+$H52,NA()) -> #N/A | AC52: 51 | AG52: {=IFERROR(INDEX(Data!$AB$2:$AB$81,MATCH(A52,Data!$B$2:$B$81,0)),1)} -> 1
A53: Mobile App - Feature 52 | B53: Mobile App | C53: Launched | D53: 45270 | E53: 45314 | F53: 45311 | G53: 44 | H53: 41 | I53: 100 | J53: 341 | U53: =IF(AND(OR($S$1="All Product Lines",$S$1="",B53=$S$1),OR($T$1="All Statuses",$T$1="",C53=$T$1)),1,0) -> 1 | V53: =IF($AG53=1,$J53,NA()) -> 341 | W53: =IF($AG53=1,$G53,NA()) -> 44 | X53: =IF(AND($AG53=1,ISNUMBER($H53)),$H53,NA()) -> 41 | Y53: =IF(ISNUMBER(G53),J53+G53,NA()) -> 385 | Z53: =IF(ISNUMBER(H53),J53+H53,NA()) -> 382 | AA53: =IF($AG53=1,$J53+$G53,NA()) -> 385 | AB53: =IF(AND($AG53=1,ISNUMBER($H53)),$J53+$H53,NA()) -> 382 | AC53: 52 | AG53: {=IFERROR(INDEX(Data!$AB$2:$AB$81,MATCH(A53,Data!$B$2:$B$81,0)),1)} -> 1
A54: Analytics Suite - Feature 53 | B54: Analytics Suite | C54: Planning | D54: 44979 | E54: 45152 | G54: 173 | I54: 10 | J54: 50 | U54: =IF(AND(OR($S$1="All Product Lines",$S$1="",B54=$S$1),OR($T$1="All Statuses",$T$1="",C54=$T$1)),1,0) -> 1 | V54: =IF($AG54=1,$J54,NA()) -> 50 | W54: =IF($AG54=1,$G54,NA()) -> 173 | X54: =IF(AND($AG54=1,ISNUMBER($H54)),$H54,NA()) -> #N/A | Y54: =IF(ISNUMBER(G54),J54+G54,NA()) -> 223 | Z54: =IF(ISNUMBER(H54),J54+H54,NA()) -> #N/A | AA54: =IF($AG54=1,$J54+$G54,NA()) -> 223 | AB54: =IF(AND($AG54=1,ISNUMBER($H54)),$J54+$H54,NA()) -> #N/A | AC54: 53 | AG54: {=IFERROR(INDEX(Data!$AB$2:$AB$81,MATCH(A54,Data!$B$2:$B$81,0)),1)} -> 1
A55: Analytics Suite - Feature 54 | B55: Analytics Suite | C55: Testing | D55: 45125 | E55: 45261 | G55: 136 | I55: 80 | J55: 196 | U55: =IF(AND(OR($S$1="All Product Lines",$S$1="",B55=$S$1),OR($T$1="All Statuses",$T$1="",C55=$T$1)),1,0) -> 1 | V55: =IF($AG55=1,$J55,NA()) -> 196 | W55: =IF($AG55=1,$G55,NA()) -> 136 | X55: =IF(AND($AG55=1,ISNUMBER($H55)),$H55,NA()) -> #N/A | Y55: =IF(ISNUMBER(G55),J55+G55,NA()) -> 332 | Z55: =IF(ISNUMBER(H55),J55+H55,NA()) -> #N/A | AA55: =IF($AG55=1,$J55+$G55,NA()) -> 332 | AB55: =IF(AND($AG55=1,ISNUMBER($H55)),$J55+$H55,NA()) -> #N/A | AC55: 54 | AG55: {=IFERROR(INDEX(Data!$AB$2:$AB$81,MATCH(A55,Data!$B$2:$B$81,0)),1)} -> 1
A56: Web Platform - Feature 55 | B56: Web Platform | C56: On Hold | D56: 45251 | E56: 45375 | G56: 124 | I56: 25 | J56: 322 | U56: =IF(AND(OR($S$1="All Product Lines",$S$1="",B56=$S$1),OR($T$1="All Statuses",$T$1="",C56=$T$1)),1,0) -> 1 | V56: =IF($AG56=1,$J56,NA()) -> 322 | W56: =IF($AG56=1,$G56,NA()) -> 124 | X56: =IF(AND($AG56=1,ISNUMBER($H56)),$H56,NA()) -> #N/A | Y56: =IF(ISNUMBER(G56),J56+G56,NA()) -> 446 | Z56: =IF(ISNUMBER(H56),J56+H56,NA()) -> #N/A | AA56: =IF($AG56=1,$J56+$G56,NA()) -> 446 | AB56: =IF(AND($AG56=1,ISNUMBER($H56)),$J56+$H56,NA()) -> #N/A | AC56: 55 | AG56: {=IFERROR(INDEX(Data!$AB$2:$AB$81,MATCH(A56,Data!$B$2:$B$81,0)),1)} -> 1
A57: API - Feature 56 | B57: API | C57: Launched | D57: 45022 | E57: 45096 | F57: 45108 | G57: 74 | H57: 86 | I57: 100 | J57: 93 | U57: =IF(AND(OR($S$1="All Product Lines",$S$1="",B57=$S$1),OR($T$1="All Statuses",$T$1="",C57=$T$1)),1,0) -> 1 | V57: =IF($AG57=1,$J57,NA()) -> 93 | W57: =IF($AG57=1,$G57,NA()) -> 74 | X57: =IF(AND($AG57=1,ISNUMBER($H57)),$H57,NA()) -> 86 | Y57: =IF(ISNUMBER(G57),J57+G57,NA()) -> 167 | Z57: =IF(ISNUMBER(H57),J57+H57,NA()) -> 179 | AA57: =IF($AG57=1,$J57+$G57,NA()) -> 167 | AB57: =IF(AND($AG57=1,ISNUMBER($H57)),$J57+$H57,NA()) -> 179 | AC57: 56 | AG57: {=IFERROR(INDEX(Data!$AB$2:$AB$81,MATCH(A57,Data!$B$2:$B$81,0)),1)} -> 1
A58: Analytics Suite - Feature 57 | B58: Analytics Suite | C58: Testing | D58: 45165 | E58: 45234 | G58: 69 | I58: 80 | J58: 236 | U58: =IF(AND(OR($S$1="All Product Lines",$S$1="",B58=$S$1),OR($T$1="All Statuses",$T$1="",C58=$T$1)),1,0) -> 1 | V58: =IF($AG58=1,$J58,NA()) -> 236 | W58: =IF($AG58=1,$G58,NA()) -> 69 | X58: =IF(AND($AG58=1,ISNUMBER($H58)),$H58,NA()) -> #N/A | Y58: =IF(ISNUMBER(G58),J58+G58,NA()) -> 305 | Z58: =IF(ISNUMBER(H58),J58+H58,NA()) -> #N/A | AA58: =IF($AG58=1,$J58+$G58,NA()) -> 305 | AB58: =IF(AND($AG58=1,ISNUMBER($H58)),$J58+$H58,NA()) -> #N/A | AC58: 57 | AG58: {=IFERROR(INDEX(Data!$AB$2:$AB$81,MATCH(A58,Data!$B$2:$B$81,0)),1)} -> 1
A59: Analytics Suite - Feature 58 | B59: Analytics Suite | C59: Testing | D59: 45208 | E59: 45329 | G59: 121 | I59: 80 | J59: 279 | U59: =IF(AND(OR($S$1="All Product Lines",$S$1="",B59=$S$1),OR($T$1="All Statuses",$T$1="",C59=$T$1)),1,0) -> 1 | V59: =IF($AG59=1,$J59,NA()) -> 279 | W59: =IF($AG59=1,$G59,NA()) -> 121 | X59: =IF(AND($AG59=1,ISNUMBER($H59)),$H59,NA()) -> #N/A | Y59: =IF(ISNUMBER(G59),J59+G59,NA()) -> 400 | Z59: =IF(ISNUMBER(H59),J59+H59,NA()) -> #N/A | AA59: =IF($AG59=1,$J59+$G59,NA()) -> 400 | AB59: =IF(AND($AG59=1,ISNUMBER($H59)),$J59+$H59,NA()) -> #N/A | AC59: 58 | AG59: {=IFERROR(INDEX(Data!$AB$2:$AB$81,MATCH(A59,Data!$B$2:$B$81,0)),1)} -> 1
A60: Web Platform - Feature 59 | B60: Web Platform | C60: On Hold | D60: 45008 | E60: 45144 | G60: 136 | I60: 25 | J60: 79 | U60: =IF(AND(OR($S$1="All Product Lines",$S$1="",B60=$S$1),OR($T$1="All Statuses",$T$1="",C60=$T$1)),1,0) -> 1 | V60: =IF($AG60=1,$J60,NA()) -> 79 | W60: =IF($AG60=1,$G60,NA()) -> 136 | X60: =IF(AND($AG60=1,ISNUMBER($H60)),$H60,NA()) -> #N/A | Y60: =IF(ISNUMBER(G60),J60+G60,NA()) -> 215 | Z60: =IF(ISNUMBER(H60),J60+H60,NA()) -> #N/A | AA60: =IF($AG60=1,$J60+$G60,NA()) -> 215 | AB60: =IF(AND($AG60=1,ISNUMBER($H60)),$J60+$H60,NA()) -> #N/A | AC60: 59 | AG60: {=IFERROR(INDEX(Data!$AB$2:$AB$81,MATCH(A60,Data!$B$2:$B$81,0)),1)} -> 1
A61: Web Platform - Feature 60 | B61: Web Platform | C61: Testing | D61: 45077 | E61: 45162 | G61: 85 | I61: 80 | J61: 148 | U61: =IF(AND(OR($S$1="All Product Lines",$S$1="",B61=$S$1),OR($T$1="All Statuses",$T$1="",C61=$T$1)),1,0) -> 1 | V61: =IF($AG61=1,$J61,NA()) -> 148 | W61: =IF($AG61=1,$G61,NA()) -> 85 | X61: =IF(AND($AG61=1,ISNUMBER($H61)),$H61,NA()) -> #N/A | Y61: =IF(ISNUMBER(G61),J61+G61,NA()) -> 233 | Z61: =IF(ISNUMBER(H61),J61+H61,NA()) -> #N/A | AA61: =IF($AG61=1,$J61+$G61,NA()) -> 233 | AB61: =IF(AND($AG61=1,ISNUMBER($H61)),$J61+$H61,NA()) -> #N/A | AC61: 60 | AG61: {=IFERROR(INDEX(Data!$AB$2:$AB$81,MATCH(A61,Data!$B$2:$B$81,0)),1)} -> 1
A62: API - Feature 61 | B62: API | C62: Launched | D62: 45245 | E62: 45337 | F62: 45385 | G62: 92 | H62: 140 | I62: 100 | J62: 316 | U62: =IF(AND(OR($S$1="All Product Lines",$S$1="",B62=$S$1),OR($T$1="All Statuses",$T$1="",C62=$T$1)),1,0) -> 1 | V62: =IF($AG62=1,$J62,NA()) -> 316 | W62: =IF($AG62=1,$G62,NA()) -> 92 | X62: =IF(AND($AG62=1,ISNUMBER($H62)),$H62,NA()) -> 140 | Y62: =IF(ISNUMBER(G62),J62+G62,NA()) -> 408 | Z62: =IF(ISNUMBER(H62),J62+H62,NA()) -> 456 | AA62: =IF($AG62=1,$J62+$G62,NA()) -> 408 | AB62: =IF(AND($AG62=1,ISNUMBER($H62)),$J62+$H62,NA()) -> 456 | AC62: 61 | AG62: {=IFERROR(INDEX(Data!$AB$2:$AB$81,MATCH(A62,Data!$B$2:$B$81,0)),1)} -> 1
A63: API - Feature 62 | B63: API | C63: Planning | D63: 45187 | E63: 45331 | G63: 144 | I63: 10 | J63: 258 | U63: =IF(AND(OR($S$1="All Product Lines",$S$1="",B63=$S$1),OR($T$1="All Statuses",$T$1="",C63=$T$1)),1,0) -> 1 | V63: =IF($AG63=1,$J63,NA()) -> 258 | W63: =IF($AG63=1,$G63,NA()) -> 144 | X63: =IF(AND($AG63=1,ISNUMBER($H63)),$H63,NA()) -> #N/A | Y63: =IF(ISNUMBER(G63),J63+G63,NA()) -> 402 | Z63: =IF(ISNUMBER(H63),J63+H63,NA()) -> #N/A | AA63: =IF($AG63=1,$J63+$G63,NA()) -> 402 | AB63: =IF(AND($AG63=1,ISNUMBER($H63)),$J63+$H63,NA()) -> #N/A | AC63: 62 | AG63: {=IFERROR(INDEX(Data!$AB$2:$AB$81,MATCH(A63,Data!$B$2:$B$81,0)),1)} -> 1
A64: Analytics Suite - Feature 63 | B64: Analytics Suite | C64: Planning | D64: 45202 | E64: 45368 | G64: 166 | I64: 10 | J64: 273 | U64: =IF(AND(OR($S$1="All Product Lines",$S$1="",B64=$S$1),OR($T$1="All Statuses",$T$1="",C64=$T$1)),1,0) -> 1 | V64: =IF($AG64=1,$J64,NA()) -> 273 | W64: =IF($AG64=1,$G64,NA()) -> 166 | X64: =IF(AND($AG64=1,ISNUMBER($H64)),$H64,NA()) -> #N/A | Y64: =IF(ISNUMBER(G64),J64+G64,NA()) -> 439 | Z64: =IF(ISNUMBER(H64),J64+H64,NA()) -> #N/A | AA64: =IF($AG64=1,$J64+$G64,NA()) -> 439 | AB64: =IF(AND($AG64=1,ISNUMBER($H64)),$J64+$H64,NA()) -> #N/A | AC64: 63 | AG64: {=IFERROR(INDEX(Data!$AB$2:$AB$81,MATCH(A64,Data!$B$2:$B$81,0)),1)} -> 1
A65: Data Infrastructure - Feature 64 | B65: Data Infrastructure | C65: Planning | D65: 45286 | E65: 45427 | G65: 141 | I65: 10 | J65: 357 | U65: =IF(AND(OR($S$1="All Product Lines",$S$1="",B65=$S$1),OR($T$1="All Statuses",$T$1="",C65=$T$1)),1,0) -> 1 | V65: =IF($AG65=1,$J65,NA()) -> 357 | W65: =IF($AG65=1,$G65,NA()) -> 141 | X65: =IF(AND($AG65=1,ISNUMBER($H65)),$H65,NA()) -> #N/A | Y65: =IF(ISNUMBER(G65),J65+G65,NA()) -> 498 | Z65: =IF(ISNUMBER(H65),J65+H65,NA()) -> #N/A | AA65: =IF($AG65=1,$J65+$G65,NA()) -> 498 | AB65: =IF(AND($AG65=1,ISNUMBER($H65)),$J65+$H65,NA()) -> #N/A | AC65: 64 | AG65: {=IFERROR(INDEX(Data!$AB$2:$AB$81,MATCH(A65,Data!$B$2:$B$81,0)),1)} -> 1
A66: API - Feature 65 | B66: API | C66: Planning | D66: 44954 | E66: 45029 | G66: 75 | I66: 10 | J66: 25 | U66: =IF(AND(OR($S$1="All Product Lines",$S$1="",B66=$S$1),OR($T$1="All Statuses",$T$1="",C66=$T$1)),1,0) -> 1 | V66: =IF($AG66=1,$J66,NA()) -> 25 | W66: =IF($AG66=1,$G66,NA()) -> 75 | X66: =IF(AND($AG66=1,ISNUMBER($H66)),$H66,NA()) -> #N/A | Y66: =IF(ISNUMBER(G66),J66+G66,NA()) -> 100 | Z66: =IF(ISNUMBER(H66),J66+H66,NA()) -> #N/A | AA66: =IF($AG66=1,$J66+$G66,NA()) -> 100 | AB66: =IF(AND($AG66=1,ISNUMBER($H66)),$J66+$H66,NA()) -> #N/A | AC66: 65 | AG66: {=IFERROR(INDEX(Data!$AB$2:$AB$81,MATCH(A66,Data!$B$2:$B$81,0)),1)} -> 1
A67: Data Infrastructure - Feature 66 | B67: Data Infrastructure | C67: Launched | D67: 45148 | E67: 45258 | F67: 45263 | G67: 110 | H67: 115 | I67: 100 | J67: 219 | U67: =IF(AND(OR($S$1="All Product Lines",$S$1="",B67=$S$1),OR($T$1="All Statuses",$T$1="",C67=$T$1)),1,0) -> 1 | V67: =IF($AG67=1,$J67,NA()) -> 219 | W67: =IF($AG67=1,$G67,NA()) -> 110 | X67: =IF(AND($AG67=1,ISNUMBER($H67)),$H67,NA()) -> 115 | Y67: =IF(ISNUMBER(G67),J67+G67,NA()) -> 329 | Z67: =IF(ISNUMBER(H67),J67+H67,NA()) -> 334 | AA67: =IF($AG67=1,$J67+$G67,NA()) -> 329 | AB67: =IF(AND($AG67=1,ISNUMBER($H67)),$J67+$H67,NA()) -> 334 | AC67: 66 | AG67: {=IFERROR(INDEX(Data!$AB$2:$AB$81,MATCH(A67,Data!$B$2:$B$81,0)),1)} -> 1
A68: Analytics Suite - Feature 67 | B68: Analytics Suite | C68: Planning | D68: 45184 | E68: 45241 | G68: 57 | I68: 10 | J68: 255 | U68: =IF(AND(OR($S$1="All Product Lines",$S$1="",B68=$S$1),OR($T$1="All Statuses",$T$1="",C68=$T$1)),1,0) -> 1 | V68: =IF($AG68=1,$J68,NA()) -> 255 | W68: =IF($AG68=1,$G68,NA()) -> 57 | X68: =IF(AND($AG68=1,ISNUMBER($H68)),$H68,NA()) -> #N/A | Y68: =IF(ISNUMBER(G68),J68+G68,NA()) -> 312 | Z68: =IF(ISNUMBER(H68),J68+H68,NA()) -> #N/A | AA68: =IF($AG68=1,$J68+$G68,NA()) -> 312 | AB68: =IF(AND($AG68=1,ISNUMBER($H68)),$J68+$H68,NA()) -> #N/A | AC68: 67 | AG68: {=IFERROR(INDEX(Data!$AB$2:$AB$81,MATCH(A68,Data!$B$2:$B$81,0)),1)} -> 1
A69: API - Feature 68 | B69: API | C69: Launched | D69: 45265 | E69: 45302 | F69: 45305 | G69: 37 | H69: 40 | I69: 100 | J69: 336 | U69: =IF(AND(OR($S$1="All Product Lines",$S$1="",B69=$S$1),OR($T$1="All Statuses",$T$1="",C69=$T$1)),1,0) -> 1 | V69: =IF($AG69=1,$J69,NA()) -> 336 | W69: =IF($AG69=1,$G69,NA()) -> 37 | X69: =IF(AND($AG69=1,ISNUMBER($H69)),$H69,NA()) -> 40 | Y69: =IF(ISNUMBER(G69),J69+G69,NA()) -> 373 | Z69: =IF(ISNUMBER(H69),J69+H69,NA()) -> 376 | AA69: =IF($AG69=1,$J69+$G69,NA()) -> 373 | AB69: =IF(AND($AG69=1,ISNUMBER($H69)),$J69+$H69,NA()) -> 376 | AC69: 68 | AG69: {=IFERROR(INDEX(Data!$AB$2:$AB$81,MATCH(A69,Data!$B$2:$B$81,0)),1)} -> 1
A70: Web Platform - Feature 69 | B70: Web Platform | C70: Testing | D70: 45210 | E70: 45382 | G70: 172 | I70: 80 | J70: 281 | U70: =IF(AND(OR($S$1="All Product Lines",$S$1="",B70=$S$1),OR($T$1="All Statuses",$T$1="",C70=$T$1)),1,0) -> 1 | V70: =IF($AG70=1,$J70,NA()) -> 281 | W70: =IF($AG70=1,$G70,NA()) -> 172 | X70: =IF(AND($AG70=1,ISNUMBER($H70)),$H70,NA()) -> #N/A | Y70: =IF(ISNUMBER(G70),J70+G70,NA()) -> 453 | Z70: =IF(ISNUMBER(H70),J70+H70,NA()) -> #N/A | AA70: =IF($AG70=1,$J70+$G70,NA()) -> 453 | AB70: =IF(AND($AG70=1,ISNUMBER($H70)),$J70+$H70,NA()) -> #N/A | AC70: 69 | AG70: {=IFERROR(INDEX(Data!$AB$2:$AB$81,MATCH(A70,Data!$B$2:$B$81,0)),1)} -> 1
A71: Analytics Suite - Feature 70 | B71: Analytics Suite | C71: On Hold | D71: 45034 | E71: 45152 | G71: 118 | I71: 25 | J71: 105 | U71: =IF(AND(OR($S$1="All Product Lines",$S$1="",B71=$S$1),OR($T$1="All Statuses",$T$1="",C71=$T$1)),1,0) -> 1 | V71: =IF($AG71=1,$J71,NA()) -> 105 | W71: =IF($AG71=1,$G71,NA()) -> 118 | X71: =IF(AND($AG71=1,ISNUMBER($H71)),$H71,NA()) -> #N/A | Y71: =IF(ISNUMBER(G71),J71+G71,NA()) -> 223 | Z71: =IF(ISNUMBER(H71),J71+H71,NA()) -> #N/A | AA71: =IF($AG71=1,$J71+$G71,NA()) -> 223 | AB71: =IF(AND($AG71=1,ISNUMBER($H71)),$J71+$H71,NA()) -> #N/A | AC71: 70 | AG71: {=IFERROR(INDEX(Data!$AB$2:$AB$81,MATCH(A71,Data!$B$2:$B$81,0)),1)} -> 1
A72: Web Platform - Feature 71 | B72: Web Platform | C72: In Development | D72: 45056 | E72: 45135 | G72: 79 | I72: 50 | J72: 127 | U72: =IF(AND(OR($S$1="All Product Lines",$S$1="",B72=$S$1),OR($T$1="All Statuses",$T$1="",C72=$T$1)),1,0) -> 1 | V72: =IF($AG72=1,$J72,NA()) -> 127 | W72: =IF($AG72=1,$G72,NA()) -> 79 | X72: =IF(AND($AG72=1,ISNUMBER($H72)),$H72,NA()) -> #N/A | Y72: =IF(ISNUMBER(G72),J72+G72,NA()) -> 206 | Z72: =IF(ISNUMBER(H72),J72+H72,NA()) -> #N/A | AA72: =IF($AG72=1,$J72+$G72,NA()) -> 206 | AB72: =IF(AND($AG72=1,ISNUMBER($H72)),$J72+$H72,NA()) -> #N/A | AC72: 71 | AG72: {=IFERROR(INDEX(Data!$AB$2:$AB$81,MATCH(A72,Data!$B$2:$B$81,0)),1)} -> 1
A73: Analytics Suite - Feature 72 | B73: Analytics Suite | C73: Launched | D73: 45270 | E73: 45317 | F73: 45315 | G73: 47 | H73: 45 | I73: 100 | J73: 341 | U73: =IF(AND(OR($S$1="All Product Lines",$S$1="",B73=$S$1),OR($T$1="All Statuses",$T$1="",C73=$T$1)),1,0) -> 1 | V73: =IF($AG73=1,$J73,NA()) -> 341 | W73: =IF($AG73=1,$G73,NA()) -> 47 | X73: =IF(AND($AG73=1,ISNUMBER($H73)),$H73,NA()) -> 45 | Y73: =IF(ISNUMBER(G73),J73+G73,NA()) -> 388 | Z73: =IF(ISNUMBER(H73),J73+H73,NA()) -> 386 | AA73: =IF($AG73=1,$J73+$G73,NA()) -> 388 | AB73: =IF(AND($AG73=1,ISNUMBER($H73)),$J73+$H73,NA()) -> 386 | AC73: 72 | AG73: {=IFERROR(INDEX(Data!$AB$2:$AB$81,MATCH(A73,Data!$B$2:$B$81,0)),1)} -> 1
A74: Web Platform - Feature 73 | B74: Web Platform | C74: Planning | D74: 44962 | E74: 45041 | G74: 79 | I74: 10 | J74: 33 | U74: =IF(AND(OR($S$1="All Product Lines",$S$1="",B74=$S$1),OR($T$1="All Statuses",$T$1="",C74=$T$1)),1,0) -> 1 | V74: =IF($AG74=1,$J74,NA()) -> 33 | W74: =IF($AG74=1,$G74,NA()) -> 79 | X74: =IF(AND($AG74=1,ISNUMBER($H74)),$H74,NA()) -> #N/A | Y74: =IF(ISNUMBER(G74),J74+G74,NA()) -> 112 | Z74: =IF(ISNUMBER(H74),J74+H74,NA()) -> #N/A | AA74: =IF($AG74=1,$J74+$G74,NA()) -> 112 | AB74: =IF(AND($AG74=1,ISNUMBER($H74)),$J74+$H74,NA()) -> #N/A | AC74: 73 | AG74: {=IFERROR(INDEX(Data!$AB$2:$AB$81,MATCH(A74,Data!$B$2:$B$81,0)),1)} -> 1
A75: Analytics Suite - Feature 74 | B75: Analytics Suite | C75: In Development | D75: 45146 | E75: 45219 | G75: 73 | I75: 50 | J75: 217 | U75: =IF(AND(OR($S$1="All Product Lines",$S$1="",B75=$S$1),OR($T$1="All Statuses",$T$1="",C75=$T$1)),1,0) -> 1 | V75: =IF($AG75=1,$J75,NA()) -> 217 | W75: =IF($AG75=1,$G75,NA()) -> 73 | X75: =IF(AND($AG75=1,ISNUMBER($H75)),$H75,NA()) -> #N/A | Y75: =IF(ISNUMBER(G75),J75+G75,NA()) -> 290 | Z75: =IF(ISNUMBER(H75),J75+H75,NA()) -> #N/A | AA75: =IF($AG75=1,$J75+$G75,NA()) -> 290 | AB75: =IF(AND($AG75=1,ISNUMBER($H75)),$J75+$H75,NA()) -> #N/A | AC75: 74 | AG75: {=IFERROR(INDEX(Data!$AB$2:$AB$81,MATCH(A75,Data!$B$2:$B$81,0)),1)} -> 1
A76: API - Feature 75 | B76: API | C76: Testing | D76: 45172 | E76: 45320 | G76: 148 | I76: 80 | J76: 243 | U76: =IF(AND(OR($S$1="All Product Lines",$S$1="",B76=$S$1),OR($T$1="All Statuses",$T$1="",C76=$T$1)),1,0) -> 1 | V76: =IF($AG76=1,$J76,NA()) -> 243 | W76: =IF($AG76=1,$G76,NA()) -> 148 | X76: =IF(AND($AG76=1,ISNUMBER($H76)),$H76,NA()) -> #N/A | Y76: =IF(ISNUMBER(G76),J76+G76,NA()) -> 391 | Z76: =IF(ISNUMBER(H76),J76+H76,NA()) -> #N/A | AA76: =IF($AG76=1,$J76+$G76,NA()) -> 391 | AB76: =IF(AND($AG76=1,ISNUMBER($H76)),$J76+$H76,NA()) -> #N/A | AC76: 75 | AG76: {=IFERROR(INDEX(Data!$AB$2:$AB$81,MATCH(A76,Data!$B$2:$B$81,0)),1)} -> 1
A77: Web Platform - Feature 76 | B77: Web Platform | C77: On Hold | D77: 44998 | E77: 45165 | G77: 167 | I77: 25 | J77: 69 | U77: =IF(AND(OR($S$1="All Product Lines",$S$1="",B77=$S$1),OR($T$1="All Statuses",$T$1="",C77=$T$1)),1,0) -> 1 | V77: =IF($AG77=1,$J77,NA()) -> 69 | W77: =IF($AG77=1,$G77,NA()) -> 167 | X77: =IF(AND($AG77=1,ISNUMBER($H77)),$H77,NA()) -> #N/A | Y77: =IF(ISNUMBER(G77),J77+G77,NA()) -> 236 | Z77: =IF(ISNUMBER(H77),J77+H77,NA()) -> #N/A | AA77: =IF($AG77=1,$J77+$G77,NA()) -> 236 | AB77: =IF(AND($AG77=1,ISNUMBER($H77)),$J77+$H77,NA()) -> #N/A | AC77: 76 | AG77: {=IFERROR(INDEX(Data!$AB$2:$AB$81,MATCH(A77,Data!$B$2:$B$81,0)),1)} -> 1
A78: Mobile App - Feature 77 | B78: Mobile App | C78: On Hold | D78: 45223 | E78: 45356 | G78: 133 | I78: 25 | J78: 294 | U78: =IF(AND(OR($S$1="All Product Lines",$S$1="",B78=$S$1),OR($T$1="All Statuses",$T$1="",C78=$T$1)),1,0) -> 1 | V78: =IF($AG78=1,$J78,NA()) -> 294 | W78: =IF($AG78=1,$G78,NA()) -> 133 | X78: =IF(AND($AG78=1,ISNUMBER($H78)),$H78,NA()) -> #N/A | Y78: =IF(ISNUMBER(G78),J78+G78,NA()) -> 427 | Z78: =IF(ISNUMBER(H78),J78+H78,NA()) -> #N/A | AA78: =IF($AG78=1,$J78+$G78,NA()) -> 427 | AB78: =IF(AND($AG78=1,ISNUMBER($H78)),$J78+$H78,NA()) -> #N/A | AC78: 77 | AG78: {=IFERROR(INDEX(Data!$AB$2:$AB$81,MATCH(A78,Data!$B$2:$B$81,0)),1)} -> 1
A79: Analytics Suite - Feature 78 | B79: Analytics Suite | C79: On Hold | D79: 45114 | E79: 45244 | G79: 130 | I79: 25 | J79: 185 | U79: =IF(AND(OR($S$1="All Product Lines",$S$1="",B79=$S$1),OR($T$1="All Statuses",$T$1="",C79=$T$1)),1,0) -> 1 | V79: =IF($AG79=1,$J79,NA()) -> 185 | W79: =IF($AG79=1,$G79,NA()) -> 130 | X79: =IF(AND($AG79=1,ISNUMBER($H79)),$H79,NA()) -> #N/A | Y79: =IF(ISNUMBER(G79),J79+G79,NA()) -> 315 | Z79: =IF(ISNUMBER(H79),J79+H79,NA()) -> #N/A | AA79: =IF($AG79=1,$J79+$G79,NA()) -> 315 | AB79: =IF(AND($AG79=1,ISNUMBER($H79)),$J79+$H79,NA()) -> #N/A | AC79: 78 | AG79: {=IFERROR(INDEX(Data!$AB$2:$AB$81,MATCH(A79,Data!$B$2:$B$81,0)),1)} -> 1
A80: Data Infrastructure - Feature 79 | B80: Data Infrastructure | C80: On Hold | D80: 45113 | E80: 45271 | G80: 158 | I80: 25 | J80: 184 | U80: =IF(AND(OR($S$1="All Product Lines",$S$1="",B80=$S$1),OR($T$1="All Statuses",$T$1="",C80=$T$1)),1,0) -> 1 | V80: =IF($AG80=1,$J80,NA()) -> 184 | W80: =IF($AG80=1,$G80,NA()) -> 158 | X80: =IF(AND($AG80=1,ISNUMBER($H80)),$H80,NA()) -> #N/A | Y80: =IF(ISNUMBER(G80),J80+G80,NA()) -> 342 | Z80: =IF(ISNUMBER(H80),J80+H80,NA()) -> #N/A | AA80: =IF($AG80=1,$J80+$G80,NA()) -> 342 | AB80: =IF(AND($AG80=1,ISNUMBER($H80)),$J80+$H80,NA()) -> #N/A | AC80: 79 | AG80: {=IFERROR(INDEX(Data!$AB$2:$AB$81,MATCH(A80,Data!$B$2:$B$81,0)),1)} -> 1
A81: Analytics Suite - Feature 80 | B81: Analytics Suite | C81: In Development | D81: 45018 | E81: 45192 | G81: 174 | I81: 50 | J81: 89 | U81: =IF(AND(OR($S$1="All Product Lines",$S$1="",B81=$S$1),OR($T$1="All Statuses",$T$1="",C81=$T$1)),1,0) -> 1 | V81: =IF($AG81=1,$J81,NA()) -> 89 | W81: =IF($AG81=1,$G81,NA()) -> 174 | X81: =IF(AND($AG81=1,ISNUMBER($H81)),$H81,NA()) -> #N/A | Y81: =IF(ISNUMBER(G81),J81+G81,NA()) -> 263 | Z81: =IF(ISNUMBER(H81),J81+H81,NA()) -> #N/A | AA81: =IF($AG81=1,$J81+$G81,NA()) -> 263 | AB81: =IF(AND($AG81=1,ISNUMBER($H81)),$J81+$H81,NA()) -> #N/A | AC81: 80 | AG81: {=IFERROR(INDEX(Data!$AB$2:$AB$81,MATCH(A81,Data!$B$2:$B$81,0)),1)} -> 1

Sheet Budget
A1: Initiative ID | B1: Initiative Name | C1: Product Line | D1: Budget Allocated | E1: Budget Spent | F1: Variance ($) | G1: Variance (%) | H1: Include
A2: INIT0001 | B2: Analytics Suite - Feature 1 | C2: Analytics Suite | D2: 1000000 | E2: 617883 | F2: =D2-E2 -> 382117 | G2: =IFERROR(F2/D2,0) -> 0.382117 | H2: {=IFERROR(INDEX(Data!$AB$2:$AB$81,MATCH(A2,Data!$A$2:$A$81,0)),1)} -> 1
A3: INIT0002 | B3: Mobile App - Feature 2 | C3: Mobile App | D3: 100000 | E3: 75327 | F3: =D3-E3 -> 24673 | G3: =IFERROR(F3/D3,0) -> 0.24673 | H3: {=IFERROR(INDEX(Data!$AB$2:$AB$81,MATCH(A3,Data!$A$2:$A$81,0)),1)} -> 1
A4: INIT0003 | B4: Analytics Suite - Feature 3 | C4: Analytics Suite | D4: 250000 | E4: 151608 | F4: =D4-E4 -> 98392 | G4: =IFERROR(F4/D4,0) -> 0.393568 | H4: {=IFERROR(INDEX(Data!$AB$2:$AB$81,MATCH(A4,Data!$A$2:$A$81,0)),1)} -> 1
A5: INIT0004 | B5: Mobile App - Feature 4 | C5: Mobile App | D5: 50000 | E5: 30831 | F5: =D5-E5 -> 19169 | G5: =IFERROR(F5/D5,0) -> 0.38338 | H5: {=IFERROR(INDEX(Data!$AB$2:$AB$81,MATCH(A5,Data!$A$2:$A$81,0)),1)} -> 1
A6: INIT0005 | B6: Data Infrastructure - Feature 5 | C6: Data Infrastructure | D6: 250000 | E6: 131069 | F6: =D6-E6 -> 118931 | G6: =IFERROR(F6/D6,0) -> 0.475724 | H6: {=IFERROR(INDEX(Data!$AB$2:$AB$81,MATCH(A6,Data!$A$2:$A$81,0)),1)} -> 1
A7: INIT0006 | B7: Web Platform - Feature 6 | C7: Web Platform | D7: 1000000 | E7: 816443 | F7: =D7-E7 -> 183557 | G7: =IFERROR(F7/D7,0) -> 0.183557 | H7: {=IFERROR(INDEX(Data!$AB$2:$AB$81,MATCH(A7,Data!$A$2:$A$81,0)),1)} -> 1
A8: INIT0007 | B8: Data Infrastructure - Feature 7 | C8: Data Infrastructure | D8: 500000 | E8: 204259 | F8: =D8-E8 -> 295741 | G8: =IFERROR(F8/D8,0) -> 0.591482 | H8: {=IFERROR(INDEX(Data!$AB$2:$AB$81,MATCH(A8,Data!$A$2:$A$81,0)),1)} -> 1
A9: INIT0008 | B9: Web Platform - Feature 8 | C9: Web Platform | D9: 250000 | E9: 215926 | F9: =D9-E9 -> 34074 | G9: =IFERROR(F9/D9,0) -> 0.136296 | H9: {=IFERROR(INDEX(Data!$AB$2:$AB$81,MATCH(A9,Data!$A$2:$A$81,0)),1)} -> 1
A10: INIT0009 | B10: Analytics Suite - Feature 9 | C10: Analytics Suite | D10: 100000 | E10: 106841 | F10: =D10-E10 -> -6841 | G10: =IFERROR(F10/D10,0) -> -0.06841 | H10: {=IFERROR(INDEX(Data!$AB$2:$AB$81,MATCH(A10,Data!$A$2:$A$81,0)),1)} -> 1
A11: INIT0010 | B11: API - Feature 10 | C11: API | D11: 100000 | E11: 98305 | F11: =D11-E11 -> 1695 | G11: =IFERROR(F11/D11,0) -> 0.01695 | H11: {=IFERROR(INDEX(Data!$AB$2:$AB$81,MATCH(A11,Data!$A$2:$A$81,0)),1)} -> 1
A12: INIT0011 | B12: Web Platform - Feature 11 | C12: Web Platform | D12: 50000 | E12: 33963 | F12: =D12-E12 -> 16037 | G12: =IFERROR(F12/D12,0) -> 0.32074 | H12: {=IFERROR(INDEX(Data!$AB$2:$AB$81,MATCH(A12,Data!$A$2:$A$81,0)),1)} -> 1
A13: INIT0012 | B13: Web Platform - Feature 12 | C13: Web Platform | D13: 250000 | E13: 166799 | F13: =D13-E13 -> 83201 | G13: =IFERROR(F13/D13,0) -> 0.332804 | H13: {=IFERROR(INDEX(Data!$AB$2:$AB$81,MATCH(A13,Data!$A$2:$A$81,0)),1)} -> 1
... A80: INIT0079 | B80: Data Infrastructure - Feature 79 | C80: Data Infrastructure | D80: 50000 | E80: 41507 | F80: =D80-E80 -> 8493 | G80: =IFERROR(F80/D80,0) -> 0.16986 | H80: {=IFERROR(INDEX(Data!$AB$2:$AB$81,MATCH(A80,Data!$A$2:$A$81,0)),1)} -> 1
H81: {=IFERROR(INDEX(Data!$AB$2:$AB$81,MATCH(A81,Data!$A$2:$A$81,0)),1)} -> 1
H82: {=IFERROR(INDEX(Data!$AB$2:$AB$81,MATCH(A82,Data!$A$2:$A$81,0)),1)} -> 1
A83: Budget Performance by Product Line | H83: {=IFERROR(INDEX(Data!$AB$2:$AB$81,MATCH(A83,Data!$A$2:$A$81,0)),1)} -> 1
A84: Product Line | B84: Allocated (sum) | C84: Spent (sum) | D84: Variance ($) | E84: Variance (%) | H84: {=IFERROR(INDEX(Data!$AB$2:$AB$81,MATCH(A84,Data!$A$2:$A$81,0)),1)} -> 1
A85: Analytics Suite | B85: 7950000 | C85: 6750224 | D85: 1199776 | E85: 0.15091522 | H85: {=IFERROR(INDEX(Data!$AB$2:$AB$81,MATCH(A85,Data!$A$2:$A$81,0)),1)} -> 1
A86: Mobile App | B86: 5000000 | C86: 3449750 | D86: 1550250 | E86: 0.31005 | H86: {=IFERROR(INDEX(Data!$AB$2:$AB$81,MATCH(A86,Data!$A$2:$A$81,0)),1)} -> 1
A87: Data Infrastructure | B87: 4800000 | C87: 2815204 | D87: 1984796 | E87: 0.41349917 | H87: {=IFERROR(INDEX(Data!$AB$2:$AB$81,MATCH(A87,Data!$A$2:$A$81,0)),1)} -> 1
A88: Web Platform | B88: 6550000 | C88: 5148358 | D88: 1401642 | E88: 0.21399115 | H88: {=IFERROR(INDEX(Data!$AB$2:$AB$81,MATCH(A88,Data!$A$2:$A$81,0)),1)} -> 1
A89: API | B89: 6050000 | C89: 3767558 | D89: 2282442 | E89: 0.37726314 | H89: {=IFERROR(INDEX(Data!$AB$2:$AB$81,MATCH(A89,Data!$A$2:$A$81,0)),1)} -> 1

Sheet Team
A1: Team Name | B1: Initiatives Count | C1: Allocated Resources (sum) | D1: Avg Utilization (%) | E1: Allocation Status
A2: Team Alpha | B2: =SUMPRODUCT(--(Data!$P$2:$P$81=A2),Data!$AB$2:$AB$81) -> 21 | C2: =SUMPRODUCT(--(Data!$P$2:$P$81=A2),Data!$AB$2:$AB$81,Data!$H$2:$H$81) -> 188 | D2: =IFERROR(SUMPRODUCT(--(Data!$P$2:$P$81=A2),Data!$AB$2:$AB$81,Data!$K$2:$K$81,Data!$H$2:$H$81)/SUMPRODUCT(--(Data!$P$2:$P$81=A2),Data!$AB$2:$AB$81,Data!$H$2:$H$81)/100,0) -> 0.79154255 | E2: =IF(D2>1,"Over-allocated",IF(D2<0.6,"Under-allocated","Balanced")) -> Balanced
A3: Team Epsilon | B3: =SUMPRODUCT(--(Data!$P$2:$P$81=A3),Data!$AB$2:$AB$81) -> 15 | C3: =SUMPRODUCT(--(Data!$P$2:$P$81=A3),Data!$AB$2:$AB$81,Data!$H$2:$H$81) -> 144 | D3: =IFERROR(SUMPRODUCT(--(Data!$P$2:$P$81=A3),Data!$AB$2:$AB$81,Data!$K$2:$K$81,Data!$H$2:$H$81)/SUMPRODUCT(--(Data!$P$2:$P$81=A3),Data!$AB$2:$AB$81,Data!$H$2:$H$81)/100,0) -> 0.84743056 | E3: =IF(D3>1,"Over-allocated",IF(D3<0.6,"Under-allocated","Balanced")) -> Balanced
A4: Team Delta | B4: =SUMPRODUCT(--(Data!$P$2:$P$81=A4),Data!$AB$2:$AB$81) -> 15 | C4: =SUMPRODUCT(--(Data!$P$2:$P$81=A4),Data!$AB$2:$AB$81,Data!$H$2:$H$81) -> 143 | D4: =IFERROR(SUMPRODUCT(--(Data!$P$2:$P$81=A4),Data!$AB$2:$AB$81,Data!$K$2:$K$81,Data!$H$2:$H$81)/SUMPRODUCT(--(Data!$P$2:$P$81=A4),Data!$AB$2:$AB$81,Data!$H$2:$H$81)/100,0) -> 0.85734266 | E4: =IF(D4>1,"Over-allocated",IF(D4<0.6,"Under-allocated","Balanced")) -> Balanced
A5: Team Gamma | B5: =SUMPRODUCT(--(Data!$P$2:$P$81=A5),Data!$AB$2:$AB$81) -> 20 | C5: =SUMPRODUCT(--(Data!$P$2:$P$81=A5),Data!$AB$2:$AB$81,Data!$H$2:$H$81) -> 191 | D5: =IFERROR(SUMPRODUCT(--(Data!$P$2:$P$81=A5),Data!$AB$2:$AB$81,Data!$K$2:$K$81,Data!$H$2:$H$81)/SUMPRODUCT(--(Data!$P$2:$P$81=A5),Data!$AB$2:$AB$81,Data!$H$2:$H$81)/100,0) -> 0.7860733 | E5: =IF(D5>1,"Over-allocated",IF(D5<0.6,"Under-allocated","Balanced")) -> Balanced
A6: Team Beta | B6: =SUMPRODUCT(--(Data!$P$2:$P$81=A6),Data!$AB$2:$AB$81) -> 9 | C6: =SUMPRODUCT(--(Data!$P$2:$P$81=A6),Data!$AB$2:$AB$81,Data!$H$2:$H$81) -> 67 | D6: =IFERROR(SUMPRODUCT(--(Data!$P$2:$P$81=A6),Data!$AB$2:$AB$81,Data!$K$2:$K$81,Data!$H$2:$H$81)/SUMPRODUCT(--(Data!$P$2:$P$81=A6),Data!$AB$2:$AB$81,Data!$H$2:$H$81)/100,0) -> 0.76149254 | E6: =IF(D6>1,"Over-allocated",IF(D6<0.6,"Under-allocated","Balanced")) -> Balanced

Sheet Delivery
A1: Initiative ID | B1: Initiative Name | C1: Product Line | D1: Status | E1: Priority | F1: Budget Allocated | G1: Budget Spent | H1: Budget Variance ($) | I1: Budget Variance (%) | J1: Planned Duration (days) | K1: Actual Duration (days) | L1: Schedule Variance (days) | M1: On-time | N1: Assigned Team Size | O1: Include | P1: X (Sched Var) - On-time | Q1: Y (Budget Var %) - On-time | R1: X (Sched Var) - Late | S1: Y (Budget Var %) - Late | T1: Bub X Budget (Critical) | U1: Bub Y On-time (Critical) | V1: Bub Z Team (Critical) | W1: Bub X Budget (High) | X1: Bub Y On-time (High) | Y1: Bub Z Team (High) | Z1: Bub X Budget (Medium) | AA1: Bub Y On-time (Medium) | AB1: Bub Z Team (Medium) | AC1: Bub X Budget (Low) | AD1: Bub Y On-time (Low) | AE1: Bub Z Team (Low) | AG1: Bub X Budget (Critical) | AH1: Bub Y On-time (Critical) | AI1: Bub Z Team (Critical) | AJ1: Bub X Budget (High) | AK1: Bub Y On-time (High) | AL1: Bub Z Team (High) | AM1: Bub X Budget (Medium) | AN1: Bub Y On-time (Medium) | AO1: Bub Z Team (Medium) | AP1: Bub X Budget (Low) | AQ1: Bub Y On-time (Low) | AR1: Bub Z Team (Low) | AS1: Planned Duration (visible) | AT1: Actual Duration (visible)
A2: INIT0001 | B2: Analytics Suite - Feature 1 | C2: Analytics Suite | D2: Testing | E2: Medium | F2: 1000000 | G2: 617883 | H2: 382117 | I2: 38.2117 | J2: 129 | M2: 0 | N2: 8 | O2: {=IFERROR(INDEX(Data!$AB$2:$AB$81,MATCH(A2,Data!$A$2:$A$81,0)),1)} -> 1 | P2: =IF(AND($O2=1,$M2=1),$L2,NA()) -> #N/A | Q2: =IF(AND($O2=1,$M2=1),$I2,NA()) -> #N/A | R2: =IF(AND($O2=1,$M2=0),$L2,NA()) | S2: =IF(AND($O2=1,$M2=0),$I2,NA()) -> 38.2117 | T2: =IF(AND($O2=1,UPPER(TRIM($E2))="CRITICAL"),$F2,NA()) -> #N/A | U2: =IF(AND($O2=1,UPPER(TRIM($E2))="CRITICAL"),$M2,NA()) -> #N/A | V2: =IF(AND($O2=1,UPPER(TRIM($E2))="CRITICAL"),MAX($N2,1),NA()) -> #N/A | W2: =IF(AND($O2=1,UPPER(TRIM($E2))="HIGH"),$F2,NA()) -> #N/A | X2: =IF(AND($O2=1,UPPER(TRIM($E2))="HIGH"),$M2,NA()) -> #N/A | Y2: =IF(AND($O2=1,UPPER(TRIM($E2))="HIGH"),MAX($N2,1),NA()) -> #N/A | Z2: =IF(AND($O2=1,UPPER(TRIM($E2))="MEDIUM"),$F2,NA()) -> 1000000 | AA2: =IF(AND($O2=1,UPPER(TRIM($E2))="MEDIUM"),$M2,NA()) -> 0 | AB2: =IF(AND($O2=1,UPPER(TRIM($E2))="MEDIUM"),MAX($N2,1),NA()) -> 8 | AC2: =IF(AND($O2=1,UPPER(TRIM($E2))="LOW"),$F2,NA()) -> #N/A | AD2: =IF(AND($O2=1,UPPER(TRIM($E2))="LOW"),$M2,NA()) -> #N/A | AE2: =IF(AND($O2=1,UPPER(TRIM($E2))="LOW"),MAX($N2,1),NA()) -> #N/A | AG2: =IF(AND($O2=1,UPPER(TRIM($E2))="CRITICAL"),$F2,NA()) -> #N/A | AH2: =IF(AND($O2=1,UPPER(TRIM($E2))="CRITICAL"),$M2,NA()) -> #N/A | AI2: =IF(AND($O2=1,UPPER(TRIM($E2))="CRITICAL"),$N2,NA()) -> #N/A | AJ2: =IF(AND($O2=1,UPPER(TRIM($E2))="HIGH"),$F2,NA()) -> #N/A | AK2: =IF(AND($O2=1,UPPER(TRIM($E2))="HIGH"),$M2,NA()) -> #N/A | AL2: =IF(AND($O2=1,UPPER(TRIM($E2))="HIGH"),$N2,NA()) -> #N/A | AM2: =IF(AND($O2=1,UPPER(TRIM($E2))="MEDIUM"),$F2,NA()) -> 1000000 | AN2: =IF(AND($O2=1,UPPER(TRIM($E2))="MEDIUM"),$M2,NA()) -> 0 | AO2: =IF(AND($O2=1,UPPER(TRIM($E2))="MEDIUM"),$N2,NA()) -> 8 | AP2: =IF(AND($O2=1,UPPER(TRIM($E2))="LOW"),$F2,NA()) -> #N/A | AQ2: =IF(AND($O2=1,UPPER(TRIM($E2))="LOW"),$M2,NA()) -> #N/A | AR2: =IF(AND($O2=1,UPPER(TRIM($E2))="LOW"),$N2,NA()) -> #N/A | AS2: =IF($O2=1,$J2,NA()) -> 129 | AT2: =IF(AND($O2=1,ISNUMBER($K2)),$K2,NA()) -> #N/A
A3: INIT0002 | B3: Mobile App - Feature 2 | C3: Mobile App | D3: On Hold | E3: Low | F3: 100000 | G3: 75327 | H3: 24673 | I3: 24.673 | J3: 68 | M3: 0 | N3: 12 | O3: {=IFERROR(INDEX(Data!$AB$2:$AB$81,MATCH(A3,Data!$A$2:$A$81,0)),1)} -> 1 | P3: =IF(AND($O3=1,$M3=1),$L3,NA()) -> #N/A | Q3: =IF(AND($O3=1,$M3=1),$I3,NA()) -> #N/A | R3: =IF(AND($O3=1,$M3=0),$L3,NA()) | S3: =IF(AND($O3=1,$M3=0),$I3,NA()) -> 24.673 | T3: =IF(AND($O3=1,UPPER(TRIM($E3))="CRITICAL"),$F3,NA()) -> #N/A | U3: =IF(AND($O3=1,UPPER(TRIM($E3))="CRITICAL"),$M3,NA()) -> #N/A | V3: =IF(AND($O3=1,UPPER(TRIM($E3))="CRITICAL"),MAX($N3,1),NA()) -> #N/A | W3: =IF(AND($O3=1,UPPER(TRIM($E3))="HIGH"),$F3,NA()) -> #N/A | X3: =IF(AND($O3=1,UPPER(TRIM($E3))="HIGH"),$M3,NA()) -> #N/A | Y3: =IF(AND($O3=1,UPPER(TRIM($E3))="HIGH"),MAX($N3,1),NA()) -> #N/A | Z3: =IF(AND($O3=1,UPPER(TRIM($E3))="MEDIUM"),$F3,NA()) -> #N/A | AA3: =IF(AND($O3=1,UPPER(TRIM($E3))="MEDIUM"),$M3,NA()) -> #N/A | AB3: =IF(AND($O3=1,UPPER(TRIM($E3))="MEDIUM"),MAX($N3,1),NA()) -> #N/A | AC3: =IF(AND($O3=1,UPPER(TRIM($E3))="LOW"),$F3,NA()) -> 100000 | AD3: =IF(AND($O3=1,UPPER(TRIM($E3))="LOW"),$M3,NA()) -> 0 | AE3: =IF(AND($O3=1,UPPER(TRIM($E3))="LOW"),MAX($N3,1),NA()) -> 12 | AG3: =IF(AND($O3=1,UPPER(TRIM($E3))="CRITICAL"),$F3,NA()) -> #N/A | AH3: =IF(AND($O3=1,UPPER(TRIM($E3))="CRITICAL"),$M3,NA()) -> #N/A | AI3: =IF(AND($O3=1,UPPER(TRIM($E3))="CRITICAL"),$N3,NA()) -> #N/A | AJ3: =IF(AND($O3=1,UPPER(TRIM($E3))="HIGH"),$F3,NA()) -> #N/A | AK3: =IF(AND($O3=1,UPPER(TRIM($E3))="HIGH"),$M3,NA()) -> #N/A | AL3: =IF(AND($O3=1,UPPER(TRIM($E3))="HIGH"),$N3,NA()) -> #N/A | AM3: =IF(AND($O3=1,UPPER(TRIM($E3))="MEDIUM"),$F3,NA()) -> #N/A | AN3: =IF(AND($O3=1,UPPER(TRIM($E3))="MEDIUM"),$M3,NA()) -> #N/A | AO3: =IF(AND($O3=1,UPPER(TRIM($E3))="MEDIUM"),$N3,NA()) -> #N/A | AP3: =IF(AND($O3=1,UPPER(TRIM($E3))="LOW"),$F3,NA()) -> 100000 | AQ3: =IF(AND($O3=1,UPPER(TRIM($E3))="LOW"),$M3,NA()) -> 0 | AR3: =IF(AND($O3=1,UPPER(TRIM($E3))="LOW"),$N3,NA()) -> 12 | AS3: =IF($O3=1,$J3,NA()) -> 68 | AT3: =IF(AND($O3=1,ISNUMBER($K3)),$K3,NA()) -> #N/A
A4: INIT0003 | B4: Analytics Suite - Feature 3 | C4: Analytics Suite | D4: Planning | E4: Medium | F4: 250000 | G4: 151608 | H4: 98392 | I4: 39.3568 | J4: 135 | M4: 0 | N4: 10 | O4: {=IFERROR(INDEX(Data!$AB$2:$AB$81,MATCH(A4,Data!$A$2:$A$81,0)),1)} -> 1 | P4: =IF(AND($O4=1,$M4=1),$L4,NA()) -> #N/A | Q4: =IF(AND($O4=1,$M4=1),$I4,NA()) -> #N/A | R4: =IF(AND($O4=1,$M4=0),$L4,NA()) | S4: =IF(AND($O4=1,$M4=0),$I4,NA()) -> 39.3568 | T4: =IF(AND($O4=1,UPPER(TRIM($E4))="CRITICAL"),$F4,NA()) -> #N/A | U4: =IF(AND($O4=1,UPPER(TRIM($E4))="CRITICAL"),$M4,NA()) -> #N/A | V4: =IF(AND($O4=1,UPPER(TRIM($E4))="CRITICAL"),MAX($N4,1),NA()) -> #N/A | W4: =IF(AND($O4=1,UPPER(TRIM($E4))="HIGH"),$F4,NA()) -> #N/A | X4: =IF(AND($O4=1,UPPER(TRIM($E4))="HIGH"),$M4,NA()) -> #N/A | Y4: =IF(AND($O4=1,UPPER(TRIM($E4))="HIGH"),MAX($N4,1),NA()) -> #N/A | Z4: =IF(AND($O4=1,UPPER(TRIM($E4))="MEDIUM"),$F4,NA()) -> 250000 | AA4: =IF(AND($O4=1,UPPER(TRIM($E4))="MEDIUM"),$M4,NA()) -> 0 | AB4: =IF(AND($O4=1,UPPER(TRIM($E4))="MEDIUM"),MAX($N4,1),NA()) -> 10 | AC4: =IF(AND($O4=1,UPPER(TRIM($E4))="LOW"),$F4,NA()) -> #N/A | AD4: =IF(AND($O4=1,UPPER(TRIM($E4))="LOW"),$M4,NA()) -> #N/A | AE4: =IF(AND($O4=1,UPPER(TRIM($E4))="LOW"),MAX($N4,1),NA()) -> #N/A | AG4: =IF(AND($O4=1,UPPER(TRIM($E4))="CRITICAL"),$F4,NA()) -> #N/A | AH4: =IF(AND($O4=1,UPPER(TRIM($E4))="CRITICAL"),$M4,NA()) -> #N/A | AI4: =IF(AND($O4=1,UPPER(TRIM($E4))="CRITICAL"),$N4,NA()) -> #N/A | AJ4: =IF(AND($O4=1,UPPER(TRIM($E4))="HIGH"),$F4,NA()) -> #N/A | AK4: =IF(AND($O4=1,UPPER(TRIM($E4))="HIGH"),$M4,NA()) -> #N/A | AL4: =IF(AND($O4=1,UPPER(TRIM($E4))="HIGH"),$N4,NA()) -> #N/A | AM4: =IF(AND($O4=1,UPPER(TRIM($E4))="MEDIUM"),$F4,NA()) -> 250000 | AN4: =IF(AND($O4=1,UPPER(TRIM($E4))="MEDIUM"),$M4,NA()) -> 0 | AO4: =IF(AND($O4=1,UPPER(TRIM($E4))="MEDIUM"),$N4,NA()) -> 10 | AP4: =IF(AND($O4=1,UPPER(TRIM($E4))="LOW"),$F4,NA()) -> #N/A | AQ4: =IF(AND($O4=1,UPPER(TRIM($E4))="LOW"),$M4,NA()) -> #N/A | AR4: =IF(AND($O4=1,UPPER(TRIM($E4))="LOW"),$N4,NA()) -> #N/A | AS4: =IF($O4=1,$J4,NA()) -> 135 | AT4: =IF(AND($O4=1,ISNUMBER($K4)),$K4,NA()) -> #N/A
A5: INIT0004 | B5: Mobile App - Feature 4 | C5: Mobile App | D5: In Development | E5: Medium | F5: 50000 | G5: 30831 | H5: 19169 | I5: 38.338 | J5: 132 | M5: 0 | N5: 8 | O5: {=IFERROR(INDEX(Data!$AB$2:$AB$81,MATCH(A5,Data!$A$2:$A$81,0)),1)} -> 1 | P5: =IF(AND($O5=1,$M5=1),$L5,NA()) -> #N/A | Q5: =IF(AND($O5=1,$M5=1),$I5,NA()) -> #N/A | R5: =IF(AND($O5=1,$M5=0),$L5,NA()) | S5: =IF(AND($O5=1,$M5=0),$I5,NA()) -> 38.338 | T5: =IF(AND($O5=1,UPPER(TRIM($E5))="CRITICAL"),$F5,NA()) -> #N/A | U5: =IF(AND($O5=1,UPPER(TRIM($E5))="CRITICAL"),$M5,NA()) -> #N/A | V5: =IF(AND($O5=1,UPPER(TRIM($E5))="CRITICAL"),MAX($N5,1),NA()) -> #N/A | W5: =IF(AND($O5=1,UPPER(TRIM($E5))="HIGH"),$F5,NA()) -> #N/A | X5: =IF(AND($O5=1,UPPER(TRIM($E5))="HIGH"),$M5,NA()) -> #N/A | Y5: =IF(AND($O5=1,UPPER(TRIM($E5))="HIGH"),MAX($N5,1),NA()) -> #N/A | Z5: =IF(AND($O5=1,UPPER(TRIM($E5))="MEDIUM"),$F5,NA()) -> 50000 | AA5: =IF(AND($O5=1,UPPER(TRIM($E5))="MEDIUM"),$M5,NA()) -> 0 | AB5: =IF(AND($O5=1,UPPER(TRIM($E5))="MEDIUM"),MAX($N5,1),NA()) -> 8 | AC5: =IF(AND($O5=1,UPPER(TRIM($E5))="LOW"),$F5,NA()) -> #N/A | AD5: =IF(AND($O5=1,UPPER(TRIM($E5))="LOW"),$M5,NA()) -> #N/A | AE5: =IF(AND($O5=1,UPPER(TRIM($E5))="LOW"),MAX($N5,1),NA()) -> #N/A | AG5: =IF(AND($O5=1,UPPER(TRIM($E5))="CRITICAL"),$F5,NA()) -> #N/A | AH5: =IF(AND($O5=1,UPPER(TRIM($E5))="CRITICAL"),$M5,NA()) -> #N/A | AI5: =IF(AND($O5=1,UPPER(TRIM($E5))="CRITICAL"),$N5,NA()) -> #N/A | AJ5: =IF(AND($O5=1,UPPER(TRIM($E5))="HIGH"),$F5,NA()) -> #N/A | AK5: =IF(AND($O5=1,UPPER(TRIM($E5))="HIGH"),$M5,NA()) -> #N/A | AL5: =IF(AND($O5=1,UPPER(TRIM($E5))="HIGH"),$N5,NA()) -> #N/A | AM5: =IF(AND($O5=1,UPPER(TRIM($E5))="MEDIUM"),$F5,NA()) -> 50000 | AN5: =IF(AND($O5=1,UPPER(TRIM($E5))="MEDIUM"),$M5,NA()) -> 0 | AO5: =IF(AND($O5=1,UPPER(TRIM($E5))="MEDIUM"),$N5,NA()) -> 8 | AP5: =IF(AND($O5=1,UPPER(TRIM($E5))="LOW"),$F5,NA()) -> #N/A | AQ5: =IF(AND($O5=1,UPPER(TRIM($E5))="LOW"),$M5,NA()) -> #N/A | AR5: =IF(AND($O5=1,UPPER(TRIM($E5))="LOW"),$N5,NA()) -> #N/A | AS5: =IF($O5=1,$J5,NA()) -> 132 | AT5: =IF(AND($O5=1,ISNUMBER($K5)),$K5,NA()) -> #N/A
A6: INIT0005 | B6: Data Infrastructure - Feature 5 | C6: Data Infrastructure | D6: Testing | E6: Medium | F6: 250000 | G6: 131069 | H6: 118931 | I6: 47.5724 | J6: 107 | M6: 0 | N6: 10 | O6: {=IFERROR(INDEX(Data!$AB$2:$AB$81,MATCH(A6,Data!$A$2:$A$81,0)),1)} -> 1 | P6: =IF(AND($O6=1,$M6=1),$L6,NA()) -> #N/A | Q6: =IF(AND($O6=1,$M6=1),$I6,NA()) -> #N/A | R6: =IF(AND($O6=1,$M6=0),$L6,NA()) | S6: =IF(AND($O6=1,$M6=0),$I6,NA()) -> 47.5724 | T6: =IF(AND($O6=1,UPPER(TRIM($E6))="CRITICAL"),$F6,NA()) -> #N/A | U6: =IF(AND($O6=1,UPPER(TRIM($E6))="CRITICAL"),$M6,NA()) -> #N/A | V6: =IF(AND($O6=1,UPPER(TRIM($E6))="CRITICAL"),MAX($N6,1),NA()) -> #N/A | W6: =IF(AND($O6=1,UPPER(TRIM($E6))="HIGH"),$F6,NA()) -> #N/A | X6: =IF(AND($O6=1,UPPER(TRIM($E6))="HIGH"),$M6,NA()) -> #N/A | Y6: =IF(AND($O6=1,UPPER(TRIM($E6))="HIGH"),MAX($N6,1),NA()) -> #N/A | Z6: =IF(AND($O6=1,UPPER(TRIM($E6))="MEDIUM"),$F6,NA()) -> 250000 | AA6: =IF(AND($O6=1,UPPER(TRIM($E6))="MEDIUM"),$M6,NA()) -> 0 | AB6: =IF(AND($O6=1,UPPER(TRIM($E6))="MEDIUM"),MAX($N6,1),NA()) -> 10 | AC6: =IF(AND($O6=1,UPPER(TRIM($E6))="LOW"),$F6,NA()) -> #N/A | AD6: =IF(AND($O6=1,UPPER(TRIM($E6))="LOW"),$M6,NA()) -> #N/A | AE6: =IF(AND($O6=1,UPPER(TRIM($E6))="LOW"),MAX($N6,1),NA()) -> #N/A | AG6: =IF(AND($O6=1,UPPER(TRIM($E6))="CRITICAL"),$F6,NA()) -> #N/A | AH6: =IF(AND($O6=1,UPPER(TRIM($E6))="CRITICAL"),$M6,NA()) -> #N/A | AI6: =IF(AND($O6=1,UPPER(TRIM($E6))="CRITICAL"),$N6,NA()) -> #N/A | AJ6: =IF(AND($O6=1,UPPER(TRIM($E6))="HIGH"),$F6,NA()) -> #N/A | AK6: =IF(AND($O6=1,UPPER(TRIM($E6))="HIGH"),$M6,NA()) -> #N/A | AL6: =IF(AND($O6=1,UPPER(TRIM($E6))="HIGH"),$N6,NA()) -> #N/A | AM6: =IF(AND($O6=1,UPPER(TRIM($E6))="MEDIUM"),$F6,NA()) -> 250000 | AN6: =IF(AND($O6=1,UPPER(TRIM($E6))="MEDIUM"),$M6,NA()) -> 0 | AO6: =IF(AND($O6=1,UPPER(TRIM($E6))="MEDIUM"),$N6,NA()) -> 10 | AP6: =IF(AND($O6=1,UPPER(TRIM($E6))="LOW"),$F6,NA()) -> #N/A | AQ6: =IF(AND($O6=1,UPPER(TRIM($E6))="LOW"),$M6,NA()) -> #N/A | AR6: =IF(AND($O6=1,UPPER(TRIM($E6))="LOW"),$N6,NA()) -> #N/A | AS6: =IF($O6=1,$J6,NA()) -> 107 | AT6: =IF(AND($O6=1,ISNUMBER($K6)),$K6,NA()) -> #N/A
A7: INIT0006 | B7: Web Platform - Feature 6 | C7: Web Platform | D7: Testing | E7: Low | F7: 1000000 | G7: 816443 | H7: 183557 | I7: 18.3557 | J7: 136 | M7: 0 | N7: 6 | O7: {=IFERROR(INDEX(Data!$AB$2:$AB$81,MATCH(A7,Data!$A$2:$A$81,0)),1)} -> 1 | P7: =IF(AND($O7=1,$M7=1),$L7,NA()) -> #N/A | Q7: =IF(AND($O7=1,$M7=1),$I7,NA()) -> #N/A | R7: =IF(AND($O7=1,$M7=0),$L7,NA()) | S7: =IF(AND($O7=1,$M7=0),$I7,NA()) -> 18.3557 | T7: =IF(AND($O7=1,UPPER(TRIM($E7))="CRITICAL"),$F7,NA()) -> #N/A | U7: =IF(AND($O7=1,UPPER(TRIM($E7))="CRITICAL"),$M7,NA()) -> #N/A | V7: =IF(AND($O7=1,UPPER(TRIM($E7))="CRITICAL"),MAX($N7,1),NA()) -> #N/A | W7: =IF(AND($O7=1,UPPER(TRIM($E7))="HIGH"),$F7,NA()) -> #N/A | X7: =IF(AND($O7=1,UPPER(TRIM($E7))="HIGH"),$M7,NA()) -> #N/A | Y7: =IF(AND($O7=1,UPPER(TRIM($E7))="HIGH"),MAX($N7,1),NA()) -> #N/A | Z7: =IF(AND($O7=1,UPPER(TRIM($E7))="MEDIUM"),$F7,NA()) -> #N/A | AA7: =IF(AND($O7=1,UPPER(TRIM($E7))="MEDIUM"),$M7,NA()) -> #N/A | AB7: =IF(AND($O7=1,UPPER(TRIM($E7))="MEDIUM"),MAX($N7,1),NA()) -> #N/A | AC7: =IF(AND($O7=1,UPPER(TRIM($E7))="LOW"),$F7,NA()) -> 1000000 | AD7: =IF(AND($O7=1,UPPER(TRIM($E7))="LOW"),$M7,NA()) -> 0 | AE7: =IF(AND($O7=1,UPPER(TRIM($E7))="LOW"),MAX($N7,1),NA()) -> 6 | AG7: =IF(AND($O7=1,UPPER(TRIM($E7))="CRITICAL"),$F7,NA()) -> #N/A | AH7: =IF(AND($O7=1,UPPER(TRIM($E7))="CRITICAL"),$M7,NA()) -> #N/A | AI7: =IF(AND($O7=1,UPPER(TRIM($E7))="CRITICAL"),$N7,NA()) -> #N/A | AJ7: =IF(AND($O7=1,UPPER(TRIM($E7))="HIGH"),$F7,NA()) -> #N/A | AK7: =IF(AND($O7=1,UPPER(TRIM($E7))="HIGH"),$M7,NA()) -> #N/A | AL7: =IF(AND($O7=1,UPPER(TRIM($E7))="HIGH"),$N7,NA()) -> #N/A | AM7: =IF(AND($O7=1,UPPER(TRIM($E7))="MEDIUM"),$F7,NA()) -> #N/A | AN7: =IF(AND($O7=1,UPPER(TRIM($E7))="MEDIUM"),$M7,NA()) -> #N/A | AO7: =IF(AND($O7=1,UPPER(TRIM($E7))="MEDIUM"),$N7,NA()) -> #N/A | AP7: =IF(AND($O7=1,UPPER(TRIM($E7))="LOW"),$F7,NA()) -> 1000000 | AQ7: =IF(AND($O7=1,UPPER(TRIM($E7))="LOW"),$M7,NA()) -> 0 | AR7: =IF(AND($O7=1,UPPER(TRIM($E7))="LOW"),$N7,NA()) -> 6 | AS7: =IF($O7=1,$J7,NA()) -> 136 | AT7: =IF(AND($O7=1,ISNUMBER($K7)),$K7,NA()) -> #N/A
A8: INIT0007 | B8: Data Infrastructure - Feature 7 | C8: Data Infrastructure | D8: Launched | E8: Medium | F8: 500000 | G8: 204259 | H8: 295741 | I8: 59.1482 | J8: 70 | K8: 73 | L8: 3 | M8: 0 | N8: 11 | O8: {=IFERROR(INDEX(Data!$AB$2:$AB$81,MATCH(A8,Data!$A$2:$A$81,0)),1)} -> 1 | P8: =IF(AND($O8=1,$M8=1),$L8,NA()) -> #N/A | Q8: =IF(AND($O8=1,$M8=1),$I8,NA()) -> #N/A | R8: =IF(AND($O8=1,$M8=0),$L8,NA()) -> 3 | S8: =IF(AND($O8=1,$M8=0),$I8,NA()) -> 59.1482 | T8: =IF(AND($O8=1,UPPER(TRIM($E8))="CRITICAL"),$F8,NA()) -> #N/A | U8: =IF(AND($O8=1,UPPER(TRIM($E8))="CRITICAL"),$M8,NA()) -> #N/A | V8: =IF(AND($O8=1,UPPER(TRIM($E8))="CRITICAL"),MAX($N8,1),NA()) -> #N/A | W8: =IF(AND($O8=1,UPPER(TRIM($E8))="HIGH"),$F8,NA()) -> #N/A | X8: =IF(AND($O8=1,UPPER(TRIM($E8))="HIGH"),$M8,NA()) -> #N/A | Y8: =IF(AND($O8=1,UPPER(TRIM($E8))="HIGH"),MAX($N8,1),NA()) -> #N/A | Z8: =IF(AND($O8=1,UPPER(TRIM($E8))="MEDIUM"),$F8,NA()) -> 500000 | AA8: =IF(AND($O8=1,UPPER(TRIM($E8))="MEDIUM"),$M8,NA()) -> 0 | AB8: =IF(AND($O8=1,UPPER(TRIM($E8))="MEDIUM"),MAX($N8,1),NA()) -> 11 | AC8: =IF(AND($O8=1,UPPER(TRIM($E8))="LOW"),$F8,NA()) -> #N/A | AD8: =IF(AND($O8=1,UPPER(TRIM($E8))="LOW"),$M8,NA()) -> #N/A | AE8: =IF(AND($O8=1,UPPER(TRIM($E8))="LOW"),MAX($N8,1),NA()) -> #N/A | AG8: =IF(AND($O8=1,UPPER(TRIM($E8))="CRITICAL"),$F8,NA()) -> #N/A | AH8: =IF(AND($O8=1,UPPER(TRIM($E8))="CRITICAL"),$M8,NA()) -> #N/A | AI8: =IF(AND($O8=1,UPPER(TRIM($E8))="CRITICAL"),$N8,NA()) -> #N/A | AJ8: =IF(AND($O8=1,UPPER(TRIM($E8))="HIGH"),$F8,NA()) -> #N/A | AK8: =IF(AND($O8=1,UPPER(TRIM($E8))="HIGH"),$M8,NA()) -> #N/A | AL8: =IF(AND($O8=1,UPPER(TRIM($E8))="HIGH"),$N8,NA()) -> #N/A | AM8: =IF(AND($O8=1,UPPER(TRIM($E8))="MEDIUM"),$F8,NA()) -> 500000 | AN8: =IF(AND($O8=1,UPPER(TRIM($E8))="MEDIUM"),$M8,NA()) -> 0 | AO8: =IF(AND($O8=1,UPPER(TRIM($E8))="MEDIUM"),$N8,NA()) -> 11 | AP8: =IF(AND($O8=1,UPPER(TRIM($E8))="LOW"),$F8,NA()) -> #N/A | AQ8: =IF(AND($O8=1,UPPER(TRIM($E8))="LOW"),$M8,NA()) -> #N/A | AR8: =IF(AND($O8=1,UPPER(TRIM($E8))="LOW"),$N8,NA()) -> #N/A | AS8: =IF($O8=1,$J8,NA()) -> 70 | AT8: =IF(AND($O8=1,ISNUMBER($K8)),$K8,NA()) -> 73
A9: INIT0008 | B9: Web Platform - Feature 8 | C9: Web Platform | D9: Planning | E9: High | F9: 250000 | G9: 215926 | H9: 34074 | I9: 13.6296 | J9: 42 | M9: 0 | N9: 7 | O9: {=IFERROR(INDEX(Data!$AB$2:$AB$81,MATCH(A9,Data!$A$2:$A$81,0)),1)} -> 1 | P9: =IF(AND($O9=1,$M9=1),$L9,NA()) -> #N/A | Q9: =IF(AND($O9=1,$M9=1),$I9,NA()) -> #N/A | R9: =IF(AND($O9=1,$M9=0),$L9,NA()) | S9: =IF(AND($O9=1,$M9=0),$I9,NA()) -> 13.6296 | T9: =IF(AND($O9=1,UPPER(TRIM($E9))="CRITICAL"),$F9,NA()) -> #N/A | U9: =IF(AND($O9=1,UPPER(TRIM($E9))="CRITICAL"),$M9,NA()) -> #N/A | V9: =IF(AND($O9=1,UPPER(TRIM($E9))="CRITICAL"),MAX($N9,1),NA()) -> #N/A | W9: =IF(AND($O9=1,UPPER(TRIM($E9))="HIGH"),$F9,NA()) -> 250000 | X9: =IF(AND($O9=1,UPPER(TRIM($E9))="HIGH"),$M9,NA()) -> 0 | Y9: =IF(AND($O9=1,UPPER(TRIM($E9))="HIGH"),MAX($N9,1),NA()) -> 7 | Z9: =IF(AND($O9=1,UPPER(TRIM($E9))="MEDIUM"),$F9,NA()) -> #N/A | AA9: =IF(AND($O9=1,UPPER(TRIM($E9))="MEDIUM"),$M9,NA()) -> #N/A | AB9: =IF(AND($O9=1,UPPER(TRIM($E9))="MEDIUM"),MAX($N9,1),NA()) -> #N/A | AC9: =IF(AND($O9=1,UPPER(TRIM($E9))="LOW"),$F9,NA()) -> #N/A | AD9: =IF(AND($O9=1,UPPER(TRIM($E9))="LOW"),$M9,NA()) -> #N/A | AE9: =IF(AND($O9=1,UPPER(TRIM($E9))="LOW"),MAX($N9,1),NA()) -> #N/A | AG9: =IF(AND($O9=1,UPPER(TRIM($E9))="CRITICAL"),$F9,NA()) -> #N/A | AH9: =IF(AND($O9=1,UPPER(TRIM($E9))="CRITICAL"),$M9,NA()) -> #N/A | AI9: =IF(AND($O9=1,UPPER(TRIM($E9))="CRITICAL"),$N9,NA()) -> #N/A | AJ9: =IF(AND($O9=1,UPPER(TRIM($E9))="HIGH"),$F9,NA()) -> 250000 | AK9: =IF(AND($O9=1,UPPER(TRIM($E9))="HIGH"),$M9,NA()) -> 0 | AL9: =IF(AND($O9=1,UPPER(TRIM($E9))="HIGH"),$N9,NA()) -> 7 | AM9: =IF(AND($O9=1,UPPER(TRIM($E9))="MEDIUM"),$F9,NA()) -> #N/A | AN9: =IF(AND($O9=1,UPPER(TRIM($E9))="MEDIUM"),$M9,NA()) -> #N/A | AO9: =IF(AND($O9=1,UPPER(TRIM($E9))="MEDIUM"),$N9,NA()) -> #N/A | AP9: =IF(AND($O9=1,UPPER(TRIM($E9))="LOW"),$F9,NA()) -> #N/A | AQ9: =IF(AND($O9=1,UPPER(TRIM($E9))="LOW"),$M9,NA()) -> #N/A | AR9: =IF(AND($O9=1,UPPER(TRIM($E9))="LOW"),$N9,NA()) -> #N/A | AS9: =IF($O9=1,$J9,NA()) -> 42 | AT9: =IF(AND($O9=1,ISNUMBER($K9)),$K9,NA()) -> #N/A
A10: INIT0009 | B10: Analytics Suite - Feature 9 | C10: Analytics Suite | D10: Launched | E10: Critical | F10: 100000 | G10: 106841 | H10: -6841 | I10: -6.841 | J10: 125 | K10: 127 | L10: 2 | M10: 0 | N10: 10 | O10: {=IFERROR(INDEX(Data!$AB$2:$AB$81,MATCH(A10,Data!$A$2:$A$81,0)),1)} -> 1 | P10: =IF(AND($O10=1,$M10=1),$L10,NA()) -> #N/A | Q10: =IF(AND($O10=1,$M10=1),$I10,NA()) -> #N/A | R10: =IF(AND($O10=1,$M10=0),$L10,NA()) -> 2 | S10: =IF(AND($O10=1,$M10=0),$I10,NA()) -> -6.841 | T10: =IF(AND($O10=1,UPPER(TRIM($E10))="CRITICAL"),$F10,NA()) -> 100000 | U10: =IF(AND($O10=1,UPPER(TRIM($E10))="CRITICAL"),$M10,NA()) -> 0 | V10: =IF(AND($O10=1,UPPER(TRIM($E10))="CRITICAL"),MAX($N10,1),NA()) -> 10 | W10: =IF(AND($O10=1,UPPER(TRIM($E10))="HIGH"),$F10,NA()) -> #N/A | X10: =IF(AND($O10=1,UPPER(TRIM($E10))="HIGH"),$M10,NA()) -> #N/A | Y10: =IF(AND($O10=1,UPPER(TRIM($E10))="HIGH"),MAX($N10,1),NA()) -> #N/A | Z10: =IF(AND($O10=1,UPPER(TRIM($E10))="MEDIUM"),$F10,NA()) -> #N/A | AA10: =IF(AND($O10=1,UPPER(TRIM($E10))="MEDIUM"),$M10,NA()) -> #N/A | AB10: =IF(AND($O10=1,UPPER(TRIM($E10))="MEDIUM"),MAX($N10,1),NA()) -> #N/A | AC10: =IF(AND($O10=1,UPPER(TRIM($E10))="LOW"),$F10,NA()) -> #N/A | AD10: =IF(AND($O10=1,UPPER(TRIM($E10))="LOW"),$M10,NA()) -> #N/A | AE10: =IF(AND($O10=1,UPPER(TRIM($E10))="LOW"),MAX($N10,1),NA()) -> #N/A | AG10: =IF(AND($O10=1,UPPER(TRIM($E10))="CRITICAL"),$F10,NA()) -> 100000 | AH10: =IF(AND($O10=1,UPPER(TRIM($E10))="CRITICAL"),$M10,NA()) -> 0 | AI10: =IF(AND($O10=1,UPPER(TRIM($E10))="CRITICAL"),$N10,NA()) -> 10 | AJ10: =IF(AND($O10=1,UPPER(TRIM($E10))="HIGH"),$F10,NA()) -> #N/A | AK10: =IF(AND($O10=1,UPPER(TRIM($E10))="HIGH"),$M10,NA()) -> #N/A | AL10: =IF(AND($O10=1,UPPER(TRIM($E10))="HIGH"),$N10,NA()) -> #N/A | AM10: =IF(AND($O10=1,UPPER(TRIM($E10))="MEDIUM"),$F10,NA()) -> #N/A | AN10: =IF(AND($O10=1,UPPER(TRIM($E10))="MEDIUM"),$M10,NA()) -> #N/A | AO10: =IF(AND($O10=1,UPPER(TRIM($E10))="MEDIUM"),$N10,NA()) -> #N/A | AP10: =IF(AND($O10=1,UPPER(TRIM($E10))="LOW"),$F10,NA()) -> #N/A | AQ10: =IF(AND($O10=1,UPPER(TRIM($E10))="LOW"),$M10,NA()) -> #N/A | AR10: =IF(AND($O10=1,UPPER(TRIM($E10))="LOW"),$N10,NA()) -> #N/A | AS10: =IF($O10=1,$J10,NA()) -> 125 | AT10: =IF(AND($O10=1,ISNUMBER($K10)),$K10,NA()) -> 127
A11: INIT0010 | B11: API - Feature 10 | C11: API | D11: Planning | E11: Medium | F11: 100000 | G11: 98305 | H11: 1695 | I11: 1.695 | J11: 42 | M11: 0 | N11: 15 | O11: {=IFERROR(INDEX(Data!$AB$2:$AB$81,MATCH(A11,Data!$A$2:$A$81,0)),1)} -> 1 | P11: =IF(AND($O11=1,$M11=1),$L11,NA()) -> #N/A | Q11: =IF(AND($O11=1,$M11=1),$I11,NA()) -> #N/A | R11: =IF(AND($O11=1,$M11=0),$L11,NA()) | S11: =IF(AND($O11=1,$M11=0),$I11,NA()) -> 1.695 | T11: =IF(AND($O11=1,UPPER(TRIM($E11))="CRITICAL"),$F11,NA()) -> #N/A | U11: =IF(AND($O11=1,UPPER(TRIM($E11))="CRITICAL"),$M11,NA()) -> #N/A | V11: =IF(AND($O11=1,UPPER(TRIM($E11))="CRITICAL"),MAX($N11,1),NA()) -> #N/A | W11: =IF(AND($O11=1,UPPER(TRIM($E11))="HIGH"),$F11,NA()) -> #N/A | X11: =IF(AND($O11=1,UPPER(TRIM($E11))="HIGH"),$M11,NA()) -> #N/A | Y11: =IF(AND($O11=1,UPPER(TRIM($E11))="HIGH"),MAX($N11,1),NA()) -> #N/A | Z11: =IF(AND($O11=1,UPPER(TRIM($E11))="MEDIUM"),$F11,NA()) -> 100000 | AA11: =IF(AND($O11=1,UPPER(TRIM($E11))="MEDIUM"),$M11,NA()) -> 0 | AB11: =IF(AND($O11=1,UPPER(TRIM($E11))="MEDIUM"),MAX($N11,1),NA()) -> 15 | AC11: =IF(AND($O11=1,UPPER(TRIM($E11))="LOW"),$F11,NA()) -> #N/A | AD11: =IF(AND($O11=1,UPPER(TRIM($E11))="LOW"),$M11,NA()) -> #N/A | AE11: =IF(AND($O11=1,UPPER(TRIM($E11))="LOW"),MAX($N11,1),NA()) -> #N/A | AG11: =IF(AND($O11=1,UPPER(TRIM($E11))="CRITICAL"),$F11,NA()) -> #N/A | AH11: =IF(AND($O11=1,UPPER(TRIM($E11))="CRITICAL"),$M11,NA()) -> #N/A | AI11: =IF(AND($O11=1,UPPER(TRIM($E11))="CRITICAL"),$N11,NA()) -> #N/A | AJ11: =IF(AND($O11=1,UPPER(TRIM($E11))="HIGH"),$F11,NA()) -> #N/A | AK11: =IF(AND($O11=1,UPPER(TRIM($E11))="HIGH"),$M11,NA()) -> #N/A | AL11: =IF(AND($O11=1,UPPER(TRIM($E11))="HIGH"),$N11,NA()) -> #N/A | AM11: =IF(AND($O11=1,UPPER(TRIM($E11))="MEDIUM"),$F11,NA()) -> 100000 | AN11: =IF(AND($O11=1,UPPER(TRIM($E11))="MEDIUM"),$M11,NA()) -> 0 | AO11: =IF(AND($O11=1,UPPER(TRIM($E11))="MEDIUM"),$N11,NA()) -> 15 | AP11: =IF(AND($O11=1,UPPER(TRIM($E11))="LOW"),$F11,NA()) -> #N/A | AQ11: =IF(AND($O11=1,UPPER(TRIM($E11))="LOW"),$M11,NA()) -> #N/A | AR11: =IF(AND($O11=1,UPPER(TRIM($E11))="LOW"),$N11,NA()) -> #N/A | AS11: =IF($O11=1,$J11,NA()) -> 42 | AT11: =IF(AND($O11=1,ISNUMBER($K11)),$K11,NA()) -> #N/A
A12: INIT0011 | B12: Web Platform - Feature 11 | C12: Web Platform | D12: In Development | E12: Medium | F12: 50000 | G12: 33963 | H12: 16037 | I12: 32.074 | J12: 35 | M12: 0 | N12: 5 | O12: {=IFERROR(INDEX(Data!$AB$2:$AB$81,MATCH(A12,Data!$A$2:$A$81,0)),1)} -> 1 | P12: =IF(AND($O12=1,$M12=1),$L12,NA()) -> #N/A | Q12: =IF(AND($O12=1,$M12=1),$I12,NA()) -> #N/A | R12: =IF(AND($O12=1,$M12=0),$L12,NA()) | S12: =IF(AND($O12=1,$M12=0),$I12,NA()) -> 32.074 | T12: =IF(AND($O12=1,UPPER(TRIM($E12))="CRITICAL"),$F12,NA()) -> #N/A | U12: =IF(AND($O12=1,UPPER(TRIM($E12))="CRITICAL"),$M12,NA()) -> #N/A | V12: =IF(AND($O12=1,UPPER(TRIM($E12))="CRITICAL"),MAX($N12,1),NA()) -> #N/A | W12: =IF(AND($O12=1,UPPER(TRIM($E12))="HIGH"),$F12,NA()) -> #N/A | X12: =IF(AND($O12=1,UPPER(TRIM($E12))="HIGH"),$M12,NA()) -> #N/A | Y12: =IF(AND($O12=1,UPPER(TRIM($E12))="HIGH"),MAX($N12,1),NA()) -> #N/A | Z12: =IF(AND($O12=1,UPPER(TRIM($E12))="MEDIUM"),$F12,NA()) -> 50000 | AA12: =IF(AND($O12=1,UPPER(TRIM($E12))="MEDIUM"),$M12,NA()) -> 0 | AB12: =IF(AND($O12=1,UPPER(TRIM($E12))="MEDIUM"),MAX($N12,1),NA()) -> 5 | AC12: =IF(AND($O12=1,UPPER(TRIM($E12))="LOW"),$F12,NA()) -> #N/A | AD12: =IF(AND($O12=1,UPPER(TRIM($E12))="LOW"),$M12,NA()) -> #N/A | AE12: =IF(AND($O12=1,UPPER(TRIM($E12))="LOW"),MAX($N12,1),NA()) -> #N/A | AG12: =IF(AND($O12=1,UPPER(TRIM($E12))="CRITICAL"),$F12,NA()) -> #N/A | AH12: =IF(AND($O12=1,UPPER(TRIM($E12))="CRITICAL"),$M12,NA()) -> #N/A | AI12: =IF(AND($O12=1,UPPER(TRIM($E12))="CRITICAL"),$N12,NA()) -> #N/A | AJ12: =IF(AND($O12=1,UPPER(TRIM($E12))="HIGH"),$F12,NA()) -> #N/A | AK12: =IF(AND($O12=1,UPPER(TRIM($E12))="HIGH"),$M12,NA()) -> #N/A | AL12: =IF(AND($O12=1,UPPER(TRIM($E12))="HIGH"),$N12,NA()) -> #N/A | AM12: =IF(AND($O12=1,UPPER(TRIM($E12))="MEDIUM"),$F12,NA()) -> 50000 | AN12: =IF(AND($O12=1,UPPER(TRIM($E12))="MEDIUM"),$M12,NA()) -> 0 | AO12: =IF(AND($O12=1,UPPER(TRIM($E12))="MEDIUM"),$N12,NA()) -> 5 | AP12: =IF(AND($O12=1,UPPER(TRIM($E12))="LOW"),$F12,NA()) -> #N/A | AQ12: =IF(AND($O12=1,UPPER(TRIM($E12))="LOW"),$M12,NA()) -> #N/A | AR12: =IF(AND($O12=1,UPPER(TRIM($E12))="LOW"),$N12,NA()) -> #N/A | AS12: =IF($O12=1,$J12,NA()) -> 35 | AT12: =IF(AND($O12=1,ISNUMBER($K12)),$K12,NA()) -> #N/A
A13: INIT0012 | B13: Web Platform - Feature 12 | C13: Web Platform | D13: Testing | E13: Medium | F13: 250000 | G13: 166799 | H13: 83201 | I13: 33.2804 | J13: 126 | M13: 0 | N13: 6 | O13: {=IFERROR(INDEX(Data!$AB$2:$AB$81,MATCH(A13,Data!$A$2:$A$81,0)),1)} -> 1 | P13: =IF(AND($O13=1,$M13=1),$L13,NA()) -> #N/A | Q13: =IF(AND($O13=1,$M13=1),$I13,NA()) -> #N/A | R13: =IF(AND($O13=1,$M13=0),$L13,NA()) | S13: =IF(AND($O13=1,$M13=0),$I13,NA()) -> 33.2804 | T13: =IF(AND($O13=1,UPPER(TRIM($E13))="CRITICAL"),$F13,NA()) -> #N/A | U13: =IF(AND($O13=1,UPPER(TRIM($E13))="CRITICAL"),$M13,NA()) -> #N/A | V13: =IF(AND($O13=1,UPPER(TRIM($E13))="CRITICAL"),MAX($N13,1),NA()) -> #N/A | W13: =IF(AND($O13=1,UPPER(TRIM($E13))="HIGH"),$F13,NA()) -> #N/A | X13: =IF(AND($O13=1,UPPER(TRIM($E13))="HIGH"),$M13,NA()) -> #N/A | Y13: =IF(AND($O13=1,UPPER(TRIM($E13))="HIGH"),MAX($N13,1),NA()) -> #N/A | Z13: =IF(AND($O13=1,UPPER(TRIM($E13))="MEDIUM"),$F13,NA()) -> 250000 | AA13: =IF(AND($O13=1,UPPER(TRIM($E13))="MEDIUM"),$M13,NA()) -> 0 | AB13: =IF(AND($O13=1,UPPER(TRIM($E13))="MEDIUM"),MAX($N13,1),NA()) -> 6 | AC13: =IF(AND($O13=1,UPPER(TRIM($E13))="LOW"),$F13,NA()) -> #N/A | AD13: =IF(AND($O13=1,UPPER(TRIM($E13))="LOW"),$M13,NA()) -> #N/A | AE13: =IF(AND($O13=1,UPPER(TRIM($E13))="LOW"),MAX($N13,1),NA()) -> #N/A | AG13: =IF(AND($O13=1,UPPER(TRIM($E13))="CRITICAL"),$F13,NA()) -> #N/A | AH13: =IF(AND($O13=1,UPPER(TRIM($E13))="CRITICAL"),$M13,NA()) -> #N/A | AI13: =IF(AND($O13=1,UPPER(TRIM($E13))="CRITICAL"),$N13,NA()) -> #N/A | AJ13: =IF(AND($O13=1,UPPER(TRIM($E13))="HIGH"),$F13,NA()) -> #N/A | AK13: =IF(AND($O13=1,UPPER(TRIM($E13))="HIGH"),$M13,NA()) -> #N/A | AL13: =IF(AND($O13=1,UPPER(TRIM($E13))="HIGH"),$N13,NA()) -> #N/A | AM13: =IF(AND($O13=1,UPPER(TRIM($E13))="MEDIUM"),$F13,NA()) -> 250000 | AN13: =IF(AND($O13=1,UPPER(TRIM($E13))="MEDIUM"),$M13,NA()) -> 0 | AO13: =IF(AND($O13=1,UPPER(TRIM($E13))="MEDIUM"),$N13,NA()) -> 6 | AP13: =IF(AND($O13=1,UPPER(TRIM($E13))="LOW"),$F13,NA()) -> #N/A | AQ13: =IF(AND($O13=1,UPPER(TRIM($E13))="LOW"),$M13,NA()) -> #N/A | AR13: =IF(AND($O13=1,UPPER(TRIM($E13))="LOW"),$N13,NA()) -> #N/A | AS13: =IF($O13=1,$J13,NA()) -> 126 | AT13: =IF(AND($O13=1,ISNUMBER($K13)),$K13,NA()) -> #N/A
A14: INIT0013 | B14: Analytics Suite - Feature 13 | C14: Analytics Suite | D14: On Hold | E14: Low | F14: 1000000 | G14: 1099543 | H14: -99543 | I14: -9.9543 | J14: 31 | M14: 0 | N14: 8 | O14: {=IFERROR(INDEX(Data!$AB$2:$AB$81,MATCH(A14,Data!$A$2:$A$81,0)),1)} -> 1 | P14: =IF(AND($O14=1,$M14=1),$L14,NA()) -> #N/A | Q14: =IF(AND($O14=1,$M14=1),$I14,NA()) -> #N/A | R14: =IF(AND($O14=1,$M14=0),$L14,NA()) | S14: =IF(AND($O14=1,$M14=0),$I14,NA()) -> -9.9543 | T14: =IF(AND($O14=1,UPPER(TRIM($E14))="CRITICAL"),$F14,NA()) -> #N/A | U14: =IF(AND($O14=1,UPPER(TRIM($E14))="CRITICAL"),$M14,NA()) -> #N/A | V14: =IF(AND($O14=1,UPPER(TRIM($E14))="CRITICAL"),MAX($N14,1),NA()) -> #N/A | W14: =IF(AND($O14=1,UPPER(TRIM($E14))="HIGH"),$F14,NA()) -> #N/A | X14: =IF(AND($O14=1,UPPER(TRIM($E14))="HIGH"),$M14,NA()) -> #N/A | Y14: =IF(AND($O14=1,UPPER(TRIM($E14))="HIGH"),MAX($N14,1),NA()) -> #N/A | Z14: =IF(AND($O14=1,UPPER(TRIM($E14))="MEDIUM"),$F14,NA()) -> #N/A | AA14: =IF(AND($O14=1,UPPER(TRIM($E14))="MEDIUM"),$M14,NA()) -> #N/A | AB14: =IF(AND($O14=1,UPPER(TRIM($E14))="MEDIUM"),MAX($N14,1),NA()) -> #N/A | AC14: =IF(AND($O14=1,UPPER(TRIM($E14))="LOW"),$F14,NA()) -> 1000000 | AD14: =IF(AND($O14=1,UPPER(TRIM($E14))="LOW"),$M14,NA()) -> 0 | AE14: =IF(AND($O14=1,UPPER(TRIM($E14))="LOW"),MAX($N14,1),NA()) -> 8 | AG14: =IF(AND($O14=1,UPPER(TRIM($E14))="CRITICAL"),$F14,NA()) -> #N/A | AH14: =IF(AND($O14=1,UPPER(TRIM($E14))="CRITICAL"),$M14,NA()) -> #N/A | AI14: =IF(AND($O14=1,UPPER(TRIM($E14))="CRITICAL"),$N14,NA()) -> #N/A | AJ14: =IF(AND($O14=1,UPPER(TRIM($E14))="HIGH"),$F14,NA()) -> #N/A | AK14: =IF(AND($O14=1,UPPER(TRIM($E14))="HIGH"),$M14,NA()) -> #N/A | AL14: =IF(AND($O14=1,UPPER(TRIM($E14))="HIGH"),$N14,NA()) -> #N/A | AM14: =IF(AND($O14=1,UPPER(TRIM($E14))="MEDIUM"),$F14,NA()) -> #N/A | AN14: =IF(AND($O14=1,UPPER(TRIM($E14))="MEDIUM"),$M14,NA()) -> #N/A | AO14: =IF(AND($O14=1,UPPER(TRIM($E14))="MEDIUM"),$N14,NA()) -> #N/A | AP14: =IF(AND($O14=1,UPPER(TRIM($E14))="LOW"),$F14,NA()) -> 1000000 | AQ14: =IF(AND($O14=1,UPPER(TRIM($E14))="LOW"),$M14,NA()) -> 0 | AR14: =IF(AND($O14=1,UPPER(TRIM($E14))="LOW"),$N14,NA()) -> 8 | AS14: =IF($O14=1,$J14,NA()) -> 31 | AT14: =IF(AND($O14=1,ISNUMBER($K14)),$K14,NA()) -> #N/A
A15: INIT0014 | B15: API - Feature 14 | C15: API | D15: Planning | E15: Low | F15: 250000 | G15: 247298 | H15: 2702 | I15: 1.0808 | J15: 100 | M15: 0 | N15: 7 | O15: {=IFERROR(INDEX(Data!$AB$2:$AB$81,MATCH(A15,Data!$A$2:$A$81,0)),1)} -> 1 | P15: =IF(AND($O15=1,$M15=1),$L15,NA()) -> #N/A | Q15: =IF(AND($O15=1,$M15=1),$I15,NA()) -> #N/A | R15: =IF(AND($O15=1,$M15=0),$L15,NA()) | S15: =IF(AND($O15=1,$M15=0),$I15,NA()) -> 1.0808 | T15: =IF(AND($O15=1,UPPER(TRIM($E15))="CRITICAL"),$F15,NA()) -> #N/A | U15: =IF(AND($O15=1,UPPER(TRIM($E15))="CRITICAL"),$M15,NA()) -> #N/A | V15: =IF(AND($O15=1,UPPER(TRIM($E15))="CRITICAL"),MAX($N15,1),NA()) -> #N/A | W15: =IF(AND($O15=1,UPPER(TRIM($E15))="HIGH"),$F15,NA()) -> #N/A | X15: =IF(AND($O15=1,UPPER(TRIM($E15))="HIGH"),$M15,NA()) -> #N/A | Y15: =IF(AND($O15=1,UPPER(TRIM($E15))="HIGH"),MAX($N15,1),NA()) -> #N/A | Z15: =IF(AND($O15=1,UPPER(TRIM($E15))="MEDIUM"),$F15,NA()) -> #N/A | AA15: =IF(AND($O15=1,UPPER(TRIM($E15))="MEDIUM"),$M15,NA()) -> #N/A | AB15: =IF(AND($O15=1,UPPER(TRIM($E15))="MEDIUM"),MAX($N15,1),NA()) -> #N/A | AC15: =IF(AND($O15=1,UPPER(TRIM($E15))="LOW"),$F15,NA()) -> 250000 | AD15: =IF(AND($O15=1,UPPER(TRIM($E15))="LOW"),$M15,NA()) -> 0 | AE15: =IF(AND($O15=1,UPPER(TRIM($E15))="LOW"),MAX($N15,1),NA()) -> 7 | AG15: =IF(AND($O15=1,UPPER(TRIM($E15))="CRITICAL"),$F15,NA()) -> #N/A | AH15: =IF(AND($O15=1,UPPER(TRIM($E15))="CRITICAL"),$M15,NA()) -> #N/A | AI15: =IF(AND($O15=1,UPPER(TRIM($E15))="CRITICAL"),$N15,NA()) -> #N/A | AJ15: =IF(AND($O15=1,UPPER(TRIM($E15))="HIGH"),$F15,NA()) -> #N/A | AK15: =IF(AND($O15=1,UPPER(TRIM($E15))="HIGH"),$M15,NA()) -> #N/A | AL15: =IF(AND($O15=1,UPPER(TRIM($E15))="HIGH"),$N15,NA()) -> #N/A | AM15: =IF(AND($O15=1,UPPER(TRIM($E15))="MEDIUM"),$F15,NA()) -> #N/A | AN15: =IF(AND($O15=1,UPPER(TRIM($E15))="MEDIUM"),$M15,NA()) -> #N/A | AO15: =IF(AND($O15=1,UPPER(TRIM($E15))="MEDIUM"),$N15,NA()) -> #N/A | AP15: =IF(AND($O15=1,UPPER(TRIM($E15))="LOW"),$F15,NA()) -> 250000 | AQ15: =IF(AND($O15=1,UPPER(TRIM($E15))="LOW"),$M15,NA()) -> 0 | AR15: =IF(AND($O15=1,UPPER(TRIM($E15))="LOW"),$N15,NA()) -> 7 | AS15: =IF($O15=1,$J15,NA()) -> 100 | AT15: =IF(AND($O15=1,ISNUMBER($K15)),$K15,NA()) -> #N/A
A16: INIT0015 | B16: Web Platform - Feature 15 | C16: Web Platform | D16: On Hold | E16: High | F16: 250000 | G16: 211151 | H16: 38849 | I16: 15.5396 | J16: 133 | M16: 0 | N16: 14 | O16: {=IFERROR(INDEX(Data!$AB$2:$AB$81,MATCH(A16,Data!$A$2:$A$81,0)),1)} -> 1 | P16: =IF(AND($O16=1,$M16=1),$L16,NA()) -> #N/A | Q16: =IF(AND($O16=1,$M16=1),$I16,NA()) -> #N/A | R16: =IF(AND($O16=1,$M16=0),$L16,NA()) | S16: =IF(AND($O16=1,$M16=0),$I16,NA()) -> 15.5396 | T16: =IF(AND($O16=1,UPPER(TRIM($E16))="CRITICAL"),$F16,NA()) -> #N/A | U16: =IF(AND($O16=1,UPPER(TRIM($E16))="CRITICAL"),$M16,NA()) -> #N/A | V16: =IF(AND($O16=1,UPPER(TRIM($E16))="CRITICAL"),MAX($N16,1),NA()) -> #N/A | W16: =IF(AND($O16=1,UPPER(TRIM($E16))="HIGH"),$F16,NA()) -> 250000 | X16: =IF(AND($O16=1,UPPER(TRIM($E16))="HIGH"),$M16,NA()) -> 0 | Y16: =IF(AND($O16=1,UPPER(TRIM($E16))="HIGH"),MAX($N16,1),NA()) -> 14 | Z16: =IF(AND($O16=1,UPPER(TRIM($E16))="MEDIUM"),$F16,NA()) -> #N/A | AA16: =IF(AND($O16=1,UPPER(TRIM($E16))="MEDIUM"),$M16,NA()) -> #N/A | AB16: =IF(AND($O16=1,UPPER(TRIM($E16))="MEDIUM"),MAX($N16,1),NA()) -> #N/A | AC16: =IF(AND($O16=1,UPPER(TRIM($E16))="LOW"),$F16,NA()) -> #N/A | AD16: =IF(AND($O16=1,UPPER(TRIM($E16))="LOW"),$M16,NA()) -> #N/A | AE16: =IF(AND($O16=1,UPPER(TRIM($E16))="LOW"),MAX($N16,1),NA()) -> #N/A | AG16: =IF(AND($O16=1,UPPER(TRIM($E16))="CRITICAL"),$F16,NA()) -> #N/A | AH16: =IF(AND($O16=1,UPPER(TRIM($E16))="CRITICAL"),$M16,NA()) -> #N/A | AI16: =IF(AND($O16=1,UPPER(TRIM($E16))="CRITICAL"),$N16,NA()) -> #N/A | AJ16: =IF(AND($O16=1,UPPER(TRIM($E16))="HIGH"),$F16,NA()) -> 250000 | AK16: =IF(AND($O16=1,UPPER(TRIM($E16))="HIGH"),$M16,NA()) -> 0 | AL16: =IF(AND($O16=1,UPPER(TRIM($E16))="HIGH"),$N16,NA()) -> 14 | AM16: =IF(AND($O16=1,UPPER(TRIM($E16))="MEDIUM"),$F16,NA()) -> #N/A | AN16: =IF(AND($O16=1,UPPER(TRIM($E16))="MEDIUM"),$M16,NA()) -> #N/A | AO16: =IF(AND($O16=1,UPPER(TRIM($E16))="MEDIUM"),$N16,NA()) -> #N/A | AP16: =IF(AND($O16=1,UPPER(TRIM($E16))="LOW"),$F16,NA()) -> #N/A | AQ16: =IF(AND($O16=1,UPPER(TRIM($E16))="LOW"),$M16,NA()) -> #N/A | AR16: =IF(AND($O16=1,UPPER(TRIM($E16))="LOW"),$N16,NA()) -> #N/A | AS16: =IF($O16=1,$J16,NA()) -> 133 | AT16: =IF(AND($O16=1,ISNUMBER($K16)),$K16,NA()) -> #N/A
A17: INIT0016 | B17: API - Feature 16 | C17: API | D17: Testing | E17: Low | F17: 1000000 | G17: 866455 | H17: 133545 | I17: 13.3545 | J17: 39 | M17: 0 | N17: 12 | O17: {=IFERROR(INDEX(Data!$AB$2:$AB$81,MATCH(A17,Data!$A$2:$A$81,0)),1)} -> 1 | P17: =IF(AND($O17=1,$M17=1),$L17,NA()) -> #N/A | Q17: =IF(AND($O17=1,$M17=1),$I17,NA()) -> #N/A | R17: =IF(AND($O17=1,$M17=0),$L17,NA()) | S17: =IF(AND($O17=1,$M17=0),$I17,NA()) -> 13.3545 | T17: =IF(AND($O17=1,UPPER(TRIM($E17))="CRITICAL"),$F17,NA()) -> #N/A | U17: =IF(AND($O17=1,UPPER(TRIM($E17))="CRITICAL"),$M17,NA()) -> #N/A | V17: =IF(AND($O17=1,UPPER(TRIM($E17))="CRITICAL"),MAX($N17,1),NA()) -> #N/A | W17: =IF(AND($O17=1,UPPER(TRIM($E17))="HIGH"),$F17,NA()) -> #N/A | X17: =IF(AND($O17=1,UPPER(TRIM($E17))="HIGH"),$M17,NA()) -> #N/A | Y17: =IF(AND($O17=1,UPPER(TRIM($E17))="HIGH"),MAX($N17,1),NA()) -> #N/A | Z17: =IF(AND($O17=1,UPPER(TRIM($E17))="MEDIUM"),$F17,NA()) -> #N/A | AA17: =IF(AND($O17=1,UPPER(TRIM($E17))="MEDIUM"),$M17,NA()) -> #N/A | AB17: =IF(AND($O17=1,UPPER(TRIM($E17))="MEDIUM"),MAX($N17,1),NA()) -> #N/A | AC17: =IF(AND($O17=1,UPPER(TRIM($E17))="LOW"),$F17,NA()) -> 1000000 | AD17: =IF(AND($O17=1,UPPER(TRIM($E17))="LOW"),$M17,NA()) -> 0 | AE17: =IF(AND($O17=1,UPPER(TRIM($E17))="LOW"),MAX($N17,1),NA()) -> 12 | AG17: =IF(AND($O17=1,UPPER(TRIM($E17))="CRITICAL"),$F17,NA()) -> #N/A | AH17: =IF(AND($O17=1,UPPER(TRIM($E17))="CRITICAL"),$M17,NA()) -> #N/A | AI17: =IF(AND($O17=1,UPPER(TRIM($E17))="CRITICAL"),$N17,NA()) -> #N/A | AJ17: =IF(AND($O17=1,UPPER(TRIM($E17))="HIGH"),$F17,NA()) -> #N/A | AK17: =IF(AND($O17=1,UPPER(TRIM($E17))="HIGH"),$M17,NA()) -> #N/A | AL17: =IF(AND($O17=1,UPPER(TRIM($E17))="HIGH"),$N17,NA()) -> #N/A | AM17: =IF(AND($O17=1,UPPER(TRIM($E17))="MEDIUM"),$F17,NA()) -> #N/A | AN17: =IF(AND($O17=1,UPPER(TRIM($E17))="MEDIUM"),$M17,NA()) -> #N/A | AO17: =IF(AND($O17=1,UPPER(TRIM($E17))="MEDIUM"),$N17,NA()) -> #N/A | AP17: =IF(AND($O17=1,UPPER(TRIM($E17))="LOW"),$F17,NA()) -> 1000000 | AQ17: =IF(AND($O17=1,UPPER(TRIM($E17))="LOW"),$M17,NA()) -> 0 | AR17: =IF(AND($O17=1,UPPER(TRIM($E17))="LOW"),$N17,NA()) -> 12 | AS17: =IF($O17=1,$J17,NA()) -> 39 | AT17: =IF(AND($O17=1,ISNUMBER($K17)),$K17,NA()) -> #N/A
A18: INIT0017 | B18: Web Platform - Feature 17 | C18: Web Platform | D18: On Hold | E18: Low | F18: 100000 | G18: 97251 | H18: 2749 | I18: 2.749 | J18: 106 | M18: 0 | N18: 11 | O18: {=IFERROR(INDEX(Data!$AB$2:$AB$81,MATCH(A18,Data!$A$2:$A$81,0)),1)} -> 1 | P18: =IF(AND($O18=1,$M18=1),$L18,NA()) -> #N/A | Q18: =IF(AND($O18=1,$M18=1),$I18,NA()) -> #N/A | R18: =IF(AND($O18=1,$M18=0),$L18,NA()) | S18: =IF(AND($O18=1,$M18=0),$I18,NA()) -> 2.749 | T18: =IF(AND($O18=1,UPPER(TRIM($E18))="CRITICAL"),$F18,NA()) -> #N/A | U18: =IF(AND($O18=1,UPPER(TRIM($E18))="CRITICAL"),$M18,NA()) -> #N/A | V18: =IF(AND($O18=1,UPPER(TRIM($E18))="CRITICAL"),MAX($N18,1),NA()) -> #N/A | W18: =IF(AND($O18=1,UPPER(TRIM($E18))="HIGH"),$F18,NA()) -> #N/A | X18: =IF(AND($O18=1,UPPER(TRIM($E18))="HIGH"),$M18,NA()) -> #N/A | Y18: =IF(AND($O18=1,UPPER(TRIM($E18))="HIGH"),MAX($N18,1),NA()) -> #N/A | Z18: =IF(AND($O18=1,UPPER(TRIM($E18))="MEDIUM"),$F18,NA()) -> #N/A | AA18: =IF(AND($O18=1,UPPER(TRIM($E18))="MEDIUM"),$M18,NA()) -> #N/A | AB18: =IF(AND($O18=1,UPPER(TRIM($E18))="MEDIUM"),MAX($N18,1),NA()) -> #N/A | AC18: =IF(AND($O18=1,UPPER(TRIM($E18))="LOW"),$F18,NA()) -> 100000 | AD18: =IF(AND($O18=1,UPPER(TRIM($E18))="LOW"),$M18,NA()) -> 0 | AE18: =IF(AND($O18=1,UPPER(TRIM($E18))="LOW"),MAX($N18,1),NA()) -> 11 | AG18: =IF(AND($O18=1,UPPER(TRIM($E18))="CRITICAL"),$F18,NA()) -> #N/A | AH18: =IF(AND($O18=1,UPPER(TRIM($E18))="CRITICAL"),$M18,NA()) -> #N/A | AI18: =IF(AND($O18=1,UPPER(TRIM($E18))="CRITICAL"),$N18,NA()) -> #N/A | AJ18: =IF(AND($O18=1,UPPER(TRIM($E18))="HIGH"),$F18,NA()) -> #N/A | AK18: =IF(AND($O18=1,UPPER(TRIM($E18))="HIGH"),$M18,NA()) -> #N/A | AL18: =IF(AND($O18=1,UPPER(TRIM($E18))="HIGH"),$N18,NA()) -> #N/A | AM18: =IF(AND($O18=1,UPPER(TRIM($E18))="MEDIUM"),$F18,NA()) -> #N/A | AN18: =IF(AND($O18=1,UPPER(TRIM($E18))="MEDIUM"),$M18,NA()) -> #N/A | AO18: =IF(AND($O18=1,UPPER(TRIM($E18))="MEDIUM"),$N18,NA()) -> #N/A | AP18: =IF(AND($O18=1,UPPER(TRIM($E18))="LOW"),$F18,NA()) -> 100000 | AQ18: =IF(AND($O18=1,UPPER(TRIM($E18))="LOW"),$M18,NA()) -> 0 | AR18: =IF(AND($O18=1,UPPER(TRIM($E18))="LOW"),$N18,NA()) -> 11 | AS18: =IF($O18=1,$J18,NA()) -> 106 | AT18: =IF(AND($O18=1,ISNUMBER($K18)),$K18,NA()) -> #N/A
A19: INIT0018 | B19: Mobile App - Feature 18 | C19: Mobile App | D19: Launched | E19: High | F19: 50000 | G19: 23890 | H19: 26110 | I19: 52.22 | J19: 76 | K19: 102 | L19: 26 | M19: 0 | N19: 6 | O19: {=IFERROR(INDEX(Data!$AB$2:$AB$81,MATCH(A19,Data!$A$2:$A$81,0)),1)} -> 1 | P19: =IF(AND($O19=1,$M19=1),$L19,NA()) -> #N/A | Q19: =IF(AND($O19=1,$M19=1),$I19,NA()) -> #N/A | R19: =IF(AND($O19=1,$M19=0),$L19,NA()) -> 26 | S19: =IF(AND($O19=1,$M19=0),$I19,NA()) -> 52.22 | T19: =IF(AND($O19=1,UPPER(TRIM($E19))="CRITICAL"),$F19,NA()) -> #N/A | U19: =IF(AND($O19=1,UPPER(TRIM($E19))="CRITICAL"),$M19,NA()) -> #N/A | V19: =IF(AND($O19=1,UPPER(TRIM($E19))="CRITICAL"),MAX($N19,1),NA()) -> #N/A | W19: =IF(AND($O19=1,UPPER(TRIM($E19))="HIGH"),$F19,NA()) -> 50000 | X19: =IF(AND($O19=1,UPPER(TRIM($E19))="HIGH"),$M19,NA()) -> 0 | Y19: =IF(AND($O19=1,UPPER(TRIM($E19))="HIGH"),MAX($N19,1),NA()) -> 6 | Z19: =IF(AND($O19=1,UPPER(TRIM($E19))="MEDIUM"),$F19,NA()) -> #N/A | AA19: =IF(AND($O19=1,UPPER(TRIM($E19))="MEDIUM"),$M19,NA()) -> #N/A | AB19: =IF(AND($O19=1,UPPER(TRIM($E19))="MEDIUM"),MAX($N19,1),NA()) -> #N/A | AC19: =IF(AND($O19=1,UPPER(TRIM($E19))="LOW"),$F19,NA()) -> #N/A | AD19: =IF(AND($O19=1,UPPER(TRIM($E19))="LOW"),$M19,NA()) -> #N/A | AE19: =IF(AND($O19=1,UPPER(TRIM($E19))="LOW"),MAX($N19,1),NA()) -> #N/A | AG19: =IF(AND($O19=1,UPPER(TRIM($E19))="CRITICAL"),$F19,NA()) -> #N/A | AH19: =IF(AND($O19=1,UPPER(TRIM($E19))="CRITICAL"),$M19,NA()) -> #N/A | AI19: =IF(AND($O19=1,UPPER(TRIM($E19))="CRITICAL"),$N19,NA()) -> #N/A | AJ19: =IF(AND($O19=1,UPPER(TRIM($E19))="HIGH"),$F19,NA()) -> 50000 | AK19: =IF(AND($O19=1,UPPER(TRIM($E19))="HIGH"),$M19,NA()) -> 0 | AL19: =IF(AND($O19=1,UPPER(TRIM($E19))="HIGH"),$N19,NA()) -> 6 | AM19: =IF(AND($O19=1,UPPER(TRIM($E19))="MEDIUM"),$F19,NA()) -> #N/A | AN19: =IF(AND($O19=1,UPPER(TRIM($E19))="MEDIUM"),$M19,NA()) -> #N/A | AO19: =IF(AND($O19=1,UPPER(TRIM($E19))="MEDIUM"),$N19,NA()) -> #N/A | AP19: =IF(AND($O19=1,UPPER(TRIM($E19))="LOW"),$F19,NA()) -> #N/A | AQ19: =IF(AND($O19=1,UPPER(TRIM($E19))="LOW"),$M19,NA()) -> #N/A | AR19: =IF(AND($O19=1,UPPER(TRIM($E19))="LOW"),$N19,NA()) -> #N/A | AS19: =IF($O19=1,$J19,NA()) -> 76 | AT19: =IF(AND($O19=1,ISNUMBER($K19)),$K19,NA()) -> 102
A20: INIT0019 | B20: API - Feature 19 | C20: API | D20: Testing | E20: Medium | F20: 50000 | G20: 33821 | H20: 16179 | I20: 32.358 | J20: 148 | M20: 0 | N20: 13 | O20: {=IFERROR(INDEX(Data!$AB$2:$AB$81,MATCH(A20,Data!$A$2:$A$81,0)),1)} -> 1 | P20: =IF(AND($O20=1,$M20=1),$L20,NA()) -> #N/A | Q20: =IF(AND($O20=1,$M20=1),$I20,NA()) -> #N/A | R20: =IF(AND($O20=1,$M20=0),$L20,NA()) | S20: =IF(AND($O20=1,$M20=0),$I20,NA()) -> 32.358 | T20: =IF(AND($O20=1,UPPER(TRIM($E20))="CRITICAL"),$F20,NA()) -> #N/A | U20: =IF(AND($O20=1,UPPER(TRIM($E20))="CRITICAL"),$M20,NA()) -> #N/A | V20: =IF(AND($O20=1,UPPER(TRIM($E20))="CRITICAL"),MAX($N20,1),NA()) -> #N/A | W20: =IF(AND($O20=1,UPPER(TRIM($E20))="HIGH"),$F20,NA()) -> #N/A | X20: =IF(AND($O20=1,UPPER(TRIM($E20))="HIGH"),$M20,NA()) -> #N/A | Y20: =IF(AND($O20=1,UPPER(TRIM($E20))="HIGH"),MAX($N20,1),NA()) -> #N/A | Z20: =IF(AND($O20=1,UPPER(TRIM($E20))="MEDIUM"),$F20,NA()) -> 50000 | AA20: =IF(AND($O20=1,UPPER(TRIM($E20))="MEDIUM"),$M20,NA()) -> 0 | AB20: =IF(AND($O20=1,UPPER(TRIM($E20))="MEDIUM"),MAX($N20,1),NA()) -> 13 | AC20: =IF(AND($O20=1,UPPER(TRIM($E20))="LOW"),$F20,NA()) -> #N/A | AD20: =IF(AND($O20=1,UPPER(TRIM($E20))="LOW"),$M20,NA()) -> #N/A | AE20: =IF(AND($O20=1,UPPER(TRIM($E20))="LOW"),MAX($N20,1),NA()) -> #N/A | AG20: =IF(AND($O20=1,UPPER(TRIM($E20))="CRITICAL"),$F20,NA()) -> #N/A | AH20: =IF(AND($O20=1,UPPER(TRIM($E20))="CRITICAL"),$M20,NA()) -> #N/A | AI20: =IF(AND($O20=1,UPPER(TRIM($E20))="CRITICAL"),$N20,NA()) -> #N/A | AJ20: =IF(AND($O20=1,UPPER(TRIM($E20))="HIGH"),$F20,NA()) -> #N/A | AK20: =IF(AND($O20=1,UPPER(TRIM($E20))="HIGH"),$M20,NA()) -> #N/A | AL20: =IF(AND($O20=1,UPPER(TRIM($E20))="HIGH"),$N20,NA()) -> #N/A | AM20: =IF(AND($O20=1,UPPER(TRIM($E20))="MEDIUM"),$F20,NA()) -> 50000 | AN20: =IF(AND($O20=1,UPPER(TRIM($E20))="MEDIUM"),$M20,NA()) -> 0 | AO20: =IF(AND($O20=1,UPPER(TRIM($E20))="MEDIUM"),$N20,NA()) -> 13 | AP20: =IF(AND($O20=1,UPPER(TRIM($E20))="LOW"),$F20,NA()) -> #N/A | AQ20: =IF(AND($O20=1,UPPER(TRIM($E20))="LOW"),$M20,NA()) -> #N/A | AR20: =IF(AND($O20=1,UPPER(TRIM($E20))="LOW"),$N20,NA()) -> #N/A | AS20: =IF($O20=1,$J20,NA()) -> 148 | AT20: =IF(AND($O20=1,ISNUMBER($K20)),$K20,NA()) -> #N/A
A21: INIT0020 | B21: Data Infrastructure - Feature 20 | C21: Data Infrastructure | D21: In Development | E21: Critical | F21: 500000 | G21: 171624 | H21: 328376 | I21: 65.6752 | J21: 106 | M21: 0 | N21: 5 | O21: {=IFERROR(INDEX(Data!$AB$2:$AB$81,MATCH(A21,Data!$A$2:$A$81,0)),1)} -> 1 | P21: =IF(AND($O21=1,$M21=1),$L21,NA()) -> #N/A | Q21: =IF(AND($O21=1,$M21=1),$I21,NA()) -> #N/A | R21: =IF(AND($O21=1,$M21=0),$L21,NA()) | S21: =IF(AND($O21=1,$M21=0),$I21,NA()) -> 65.6752 | T21: =IF(AND($O21=1,UPPER(TRIM($E21))="CRITICAL"),$F21,NA()) -> 500000 | U21: =IF(AND($O21=1,UPPER(TRIM($E21))="CRITICAL"),$M21,NA()) -> 0 | V21: =IF(AND($O21=1,UPPER(TRIM($E21))="CRITICAL"),MAX($N21,1),NA()) -> 5 | W21: =IF(AND($O21=1,UPPER(TRIM($E21))="HIGH"),$F21,NA()) -> #N/A | X21: =IF(AND($O21=1,UPPER(TRIM($E21))="HIGH"),$M21,NA()) -> #N/A | Y21: =IF(AND($O21=1,UPPER(TRIM($E21))="HIGH"),MAX($N21,1),NA()) -> #N/A | Z21: =IF(AND($O21=1,UPPER(TRIM($E21))="MEDIUM"),$F21,NA()) -> #N/A | AA21: =IF(AND($O21=1,UPPER(TRIM($E21))="MEDIUM"),$M21,NA()) -> #N/A | AB21: =IF(AND($O21=1,UPPER(TRIM($E21))="MEDIUM"),MAX($N21,1),NA()) -> #N/A | AC21: =IF(AND($O21=1,UPPER(TRIM($E21))="LOW"),$F21,NA()) -> #N/A | AD21: =IF(AND($O21=1,UPPER(TRIM($E21))="LOW"),$M21,NA()) -> #N/A | AE21: =IF(AND($O21=1,UPPER(TRIM($E21))="LOW"),MAX($N21,1),NA()) -> #N/A | AG21: =IF(AND($O21=1,UPPER(TRIM($E21))="CRITICAL"),$F21,NA()) -> 500000 | AH21: =IF(AND($O21=1,UPPER(TRIM($E21))="CRITICAL"),$M21,NA()) -> 0 | AI21: =IF(AND($O21=1,UPPER(TRIM($E21))="CRITICAL"),$N21,NA()) -> 5 | AJ21: =IF(AND($O21=1,UPPER(TRIM($E21))="HIGH"),$F21,NA()) -> #N/A | AK21: =IF(AND($O21=1,UPPER(TRIM($E21))="HIGH"),$M21,NA()) -> #N/A | AL21: =IF(AND($O21=1,UPPER(TRIM($E21))="HIGH"),$N21,NA()) -> #N/A | AM21: =IF(AND($O21=1,UPPER(TRIM($E21))="MEDIUM"),$F21,NA()) -> #N/A | AN21: =IF(AND($O21=1,UPPER(TRIM($E21))="MEDIUM"),$M21,NA()) -> #N/A | AO21: =IF(AND($O21=1,UPPER(TRIM($E21))="MEDIUM"),$N21,NA()) -> #N/A | AP21: =IF(AND($O21=1,UPPER(TRIM($E21))="LOW"),$F21,NA()) -> #N/A | AQ21: =IF(AND($O21=1,UPPER(TRIM($E21))="LOW"),$M21,NA()) -> #N/A | AR21: =IF(AND($O21=1,UPPER(TRIM($E21))="LOW"),$N21,NA()) -> #N/A | AS21: =IF($O21=1,$J21,NA()) -> 106 | AT21: =IF(AND($O21=1,ISNUMBER($K21)),$K21,NA()) -> #N/A
A22: INIT0021 | B22: API - Feature 21 | C22: API | D22: Launched | E22: Low | F22: 250000 | G22: 201206 | H22: 48794 | I22: 19.5176 | J22: 76 | K22: 112 | L22: 36 | M22: 0 | N22: 5 | O22: {=IFERROR(INDEX(Data!$AB$2:$AB$81,MATCH(A22,Data!$A$2:$A$81,0)),1)} -> 1 | P22: =IF(AND($O22=1,$M22=1),$L22,NA()) -> #N/A | Q22: =IF(AND($O22=1,$M22=1),$I22,NA()) -> #N/A | R22: =IF(AND($O22=1,$M22=0),$L22,NA()) -> 36 | S22: =IF(AND($O22=1,$M22=0),$I22,NA()) -> 19.5176 | T22: =IF(AND($O22=1,UPPER(TRIM($E22))="CRITICAL"),$F22,NA()) -> #N/A | U22: =IF(AND($O22=1,UPPER(TRIM($E22))="CRITICAL"),$M22,NA()) -> #N/A | V22: =IF(AND($O22=1,UPPER(TRIM($E22))="CRITICAL"),MAX($N22,1),NA()) -> #N/A | W22: =IF(AND($O22=1,UPPER(TRIM($E22))="HIGH"),$F22,NA()) -> #N/A | X22: =IF(AND($O22=1,UPPER(TRIM($E22))="HIGH"),$M22,NA()) -> #N/A | Y22: =IF(AND($O22=1,UPPER(TRIM($E22))="HIGH"),MAX($N22,1),NA()) -> #N/A | Z22: =IF(AND($O22=1,UPPER(TRIM($E22))="MEDIUM"),$F22,NA()) -> #N/A | AA22: =IF(AND($O22=1,UPPER(TRIM($E22))="MEDIUM"),$M22,NA()) -> #N/A | AB22: =IF(AND($O22=1,UPPER(TRIM($E22))="MEDIUM"),MAX($N22,1),NA()) -> #N/A | AC22: =IF(AND($O22=1,UPPER(TRIM($E22))="LOW"),$F22,NA()) -> 250000 | AD22: =IF(AND($O22=1,UPPER(TRIM($E22))="LOW"),$M22,NA()) -> 0 | AE22: =IF(AND($O22=1,UPPER(TRIM($E22))="LOW"),MAX($N22,1),NA()) -> 5 | AG22: =IF(AND($O22=1,UPPER(TRIM($E22))="CRITICAL"),$F22,NA()) -> #N/A | AH22: =IF(AND($O22=1,UPPER(TRIM($E22))="CRITICAL"),$M22,NA()) -> #N/A | AI22: =IF(AND($O22=1,UPPER(TRIM($E22))="CRITICAL"),$N22,NA()) -> #N/A | AJ22: =IF(AND($O22=1,UPPER(TRIM($E22))="HIGH"),$F22,NA()) -> #N/A | AK22: =IF(AND($O22=1,UPPER(TRIM($E22))="HIGH"),$M22,NA()) -> #N/A | AL22: =IF(AND($O22=1,UPPER(TRIM($E22))="HIGH"),$N22,NA()) -> #N/A | AM22: =IF(AND($O22=1,UPPER(TRIM($E22))="MEDIUM"),$F22,NA()) -> #N/A | AN22: =IF(AND($O22=1,UPPER(TRIM($E22))="MEDIUM"),$M22,NA()) -> #N/A | AO22: =IF(AND($O22=1,UPPER(TRIM($E22))="MEDIUM"),$N22,NA()) -> #N/A | AP22: =IF(AND($O22=1,UPPER(TRIM($E22))="LOW"),$F22,NA()) -> 250000 | AQ22: =IF(AND($O22=1,UPPER(TRIM($E22))="LOW"),$M22,NA()) -> 0 | AR22: =IF(AND($O22=1,UPPER(TRIM($E22))="LOW"),$N22,NA()) -> 5 | AS22: =IF($O22=1,$J22,NA()) -> 76 | AT22: =IF(AND($O22=1,ISNUMBER($K22)),$K22,NA()) -> 112
A23: INIT0022 | B23: API - Feature 22 | C23: API | D23: In Development | E23: High | F23: 50000 | G23: 20176 | H23: 29824 | I23: 59.648 | J23: 155 | M23: 0 | N23: 9 | O23: {=IFERROR(INDEX(Data!$AB$2:$AB$81,MATCH(A23,Data!$A$2:$A$81,0)),1)} -> 1 | P23: =IF(AND($O23=1,$M23=1),$L23,NA()) -> #N/A | Q23: =IF(AND($O23=1,$M23=1),$I23,NA()) -> #N/A | R23: =IF(AND($O23=1,$M23=0),$L23,NA()) | S23: =IF(AND($O23=1,$M23=0),$I23,NA()) -> 59.648 | T23: =IF(AND($O23=1,UPPER(TRIM($E23))="CRITICAL"),$F23,NA()) -> #N/A | U23: =IF(AND($O23=1,UPPER(TRIM($E23))="CRITICAL"),$M23,NA()) -> #N/A | V23: =IF(AND($O23=1,UPPER(TRIM($E23))="CRITICAL"),MAX($N23,1),NA()) -> #N/A | W23: =IF(AND($O23=1,UPPER(TRIM($E23))="HIGH"),$F23,NA()) -> 50000 | X23: =IF(AND($O23=1,UPPER(TRIM($E23))="HIGH"),$M23,NA()) -> 0 | Y23: =IF(AND($O23=1,UPPER(TRIM($E23))="HIGH"),MAX($N23,1),NA()) -> 9 | Z23: =IF(AND($O23=1,UPPER(TRIM($E23))="MEDIUM"),$F23,NA()) -> #N/A | AA23: =IF(AND($O23=1,UPPER(TRIM($E23))="MEDIUM"),$M23,NA()) -> #N/A | AB23: =IF(AND($O23=1,UPPER(TRIM($E23))="MEDIUM"),MAX($N23,1),NA()) -> #N/A | AC23: =IF(AND($O23=1,UPPER(TRIM($E23))="LOW"),$F23,NA()) -> #N/A | AD23: =IF(AND($O23=1,UPPER(TRIM($E23))="LOW"),$M23,NA()) -> #N/A | AE23: =IF(AND($O23=1,UPPER(TRIM($E23))="LOW"),MAX($N23,1),NA()) -> #N/A | AG23: =IF(AND($O23=1,UPPER(TRIM($E23))="CRITICAL"),$F23,NA()) -> #N/A | AH23: =IF(AND($O23=1,UPPER(TRIM($E23))="CRITICAL"),$M23,NA()) -> #N/A | AI23: =IF(AND($O23=1,UPPER(TRIM($E23))="CRITICAL"),$N23,NA()) -> #N/A | AJ23: =IF(AND($O23=1,UPPER(TRIM($E23))="HIGH"),$F23,NA()) -> 50000 | AK23: =IF(AND($O23=1,UPPER(TRIM($E23))="HIGH"),$M23,NA()) -> 0 | AL23: =IF(AND($O23=1,UPPER(TRIM($E23))="HIGH"),$N23,NA()) -> 9 | AM23: =IF(AND($O23=1,UPPER(TRIM($E23))="MEDIUM"),$F23,NA()) -> #N/A | AN23: =IF(AND($O23=1,UPPER(TRIM($E23))="MEDIUM"),$M23,NA()) -> #N/A | AO23: =IF(AND($O23=1,UPPER(TRIM($E23))="MEDIUM"),$N23,NA()) -> #N/A | AP23: =IF(AND($O23=1,UPPER(TRIM($E23))="LOW"),$F23,NA()) -> #N/A | AQ23: =IF(AND($O23=1,UPPER(TRIM($E23))="LOW"),$M23,NA()) -> #N/A | AR23: =IF(AND($O23=1,UPPER(TRIM($E23))="LOW"),$N23,NA()) -> #N/A | AS23: =IF($O23=1,$J23,NA()) -> 155 | AT23: =IF(AND($O23=1,ISNUMBER($K23)),$K23,NA()) -> #N/A
A24: INIT0023 | B24: Data Infrastructure - Feature 23 | C24: Data Infrastructure | D24: Launched | E24: Low | F24: 50000 | G24: 50680 | H24: -680 | I24: -1.36 | J24: 39 | K24: 39 | L24: 0 | M24: 1 | N24: 15 | O24: {=IFERROR(INDEX(Data!$AB$2:$AB$81,MATCH(A24,Data!$A$2:$A$81,0)),1)} -> 1 | P24: =IF(AND($O24=1,$M24=1),$L24,NA()) -> 0 | Q24: =IF(AND($O24=1,$M24=1),$I24,NA()) -> -1.36 | R24: =IF(AND($O24=1,$M24=0),$L24,NA()) -> #N/A | S24: =IF(AND($O24=1,$M24=0),$I24,NA()) -> #N/A | T24: =IF(AND($O24=1,UPPER(TRIM($E24))="CRITICAL"),$F24,NA()) -> #N/A | U24: =IF(AND($O24=1,UPPER(TRIM($E24))="CRITICAL"),$M24,NA()) -> #N/A | V24: =IF(AND($O24=1,UPPER(TRIM($E24))="CRITICAL"),MAX($N24,1),NA()) -> #N/A | W24: =IF(AND($O24=1,UPPER(TRIM($E24))="HIGH"),$F24,NA()) -> #N/A | X24: =IF(AND($O24=1,UPPER(TRIM($E24))="HIGH"),$M24,NA()) -> #N/A | Y24: =IF(AND($O24=1,UPPER(TRIM($E24))="HIGH"),MAX($N24,1),NA()) -> #N/A | Z24: =IF(AND($O24=1,UPPER(TRIM($E24))="MEDIUM"),$F24,NA()) -> #N/A | AA24: =IF(AND($O24=1,UPPER(TRIM($E24))="MEDIUM"),$M24,NA()) -> #N/A | AB24: =IF(AND($O24=1,UPPER(TRIM($E24))="MEDIUM"),MAX($N24,1),NA()) -> #N/A | AC24: =IF(AND($O24=1,UPPER(TRIM($E24))="LOW"),$F24,NA()) -> 50000 | AD24: =IF(AND($O24=1,UPPER(TRIM($E24))="LOW"),$M24,NA()) -> 1 | AE24: =IF(AND($O24=1,UPPER(TRIM($E24))="LOW"),MAX($N24,1),NA()) -> 15 | AG24: =IF(AND($O24=1,UPPER(TRIM($E24))="CRITICAL"),$F24,NA()) -> #N/A | AH24: =IF(AND($O24=1,UPPER(TRIM($E24))="CRITICAL"),$M24,NA()) -> #N/A | AI24: =IF(AND($O24=1,UPPER(TRIM($E24))="CRITICAL"),$N24,NA()) -> #N/A | AJ24: =IF(AND($O24=1,UPPER(TRIM($E24))="HIGH"),$F24,NA()) -> #N/A | AK24: =IF(AND($O24=1,UPPER(TRIM($E24))="HIGH"),$M24,NA()) -> #N/A | AL24: =IF(AND($O24=1,UPPER(TRIM($E24))="HIGH"),$N24,NA()) -> #N/A | AM24: =IF(AND($O24=1,UPPER(TRIM($E24))="MEDIUM"),$F24,NA()) -> #N/A | AN24: =IF(AND($O24=1,UPPER(TRIM($E24))="MEDIUM"),$M24,NA()) -> #N/A | AO24: =IF(AND($O24=1,UPPER(TRIM($E24))="MEDIUM"),$N24,NA()) -> #N/A | AP24: =IF(AND($O24=1,UPPER(TRIM($E24))="LOW"),$F24,NA()) -> 50000 | AQ24: =IF(AND($O24=1,UPPER(TRIM($E24))="LOW"),$M24,NA()) -> 1 | AR24: =IF(AND($O24=1,UPPER(TRIM($E24))="LOW"),$N24,NA()) -> 15 | AS24: =IF($O24=1,$J24,NA()) -> 39 | AT24: =IF(AND($O24=1,ISNUMBER($K24)),$K24,NA()) -> 39
A25: INIT0024 | B25: Mobile App - Feature 24 | C25: Mobile App | D25: In Development | E25: High | F25: 50000 | G25: 30342 | H25: 19658 | I25: 39.316 | J25: 63 | M25: 0 | N25: 12 | O25: {=IFERROR(INDEX(Data!$AB$2:$AB$81,MATCH(A25,Data!$A$2:$A$81,0)),1)} -> 1 | P25: =IF(AND($O25=1,$M25=1),$L25,NA()) -> #N/A | Q25: =IF(AND($O25=1,$M25=1),$I25,NA()) -> #N/A | R25: =IF(AND($O25=1,$M25=0),$L25,NA()) | S25: =IF(AND($O25=1,$M25=0),$I25,NA()) -> 39.316 | T25: =IF(AND($O25=1,UPPER(TRIM($E25))="CRITICAL"),$F25,NA()) -> #N/A | U25: =IF(AND($O25=1,UPPER(TRIM($E25))="CRITICAL"),$M25,NA()) -> #N/A | V25: =IF(AND($O25=1,UPPER(TRIM($E25))="CRITICAL"),MAX($N25,1),NA()) -> #N/A | W25: =IF(AND($O25=1,UPPER(TRIM($E25))="HIGH"),$F25,NA()) -> 50000 | X25: =IF(AND($O25=1,UPPER(TRIM($E25))="HIGH"),$M25,NA()) -> 0 | Y25: =IF(AND($O25=1,UPPER(TRIM($E25))="HIGH"),MAX($N25,1),NA()) -> 12 | Z25: =IF(AND($O25=1,UPPER(TRIM($E25))="MEDIUM"),$F25,NA()) -> #N/A | AA25: =IF(AND($O25=1,UPPER(TRIM($E25))="MEDIUM"),$M25,NA()) -> #N/A | AB25: =IF(AND($O25=1,UPPER(TRIM($E25))="MEDIUM"),MAX($N25,1),NA()) -> #N/A | AC25: =IF(AND($O25=1,UPPER(TRIM($E25))="LOW"),$F25,NA()) -> #N/A | AD25: =IF(AND($O25=1,UPPER(TRIM($E25))="LOW"),$M25,NA()) -> #N/A | AE25: =IF(AND($O25=1,UPPER(TRIM($E25))="LOW"),MAX($N25,1),NA()) -> #N/A | AG25: =IF(AND($O25=1,UPPER(TRIM($E25))="CRITICAL"),$F25,NA()) -> #N/A | AH25: =IF(AND($O25=1,UPPER(TRIM($E25))="CRITICAL"),$M25,NA()) -> #N/A | AI25: =IF(AND($O25=1,UPPER(TRIM($E25))="CRITICAL"),$N25,NA()) -> #N/A | AJ25: =IF(AND($O25=1,UPPER(TRIM($E25))="HIGH"),$F25,NA()) -> 50000 | AK25: =IF(AND($O25=1,UPPER(TRIM($E25))="HIGH"),$M25,NA()) -> 0 | AL25: =IF(AND($O25=1,UPPER(TRIM($E25))="HIGH"),$N25,NA()) -> 12 | AM25: =IF(AND($O25=1,UPPER(TRIM($E25))="MEDIUM"),$F25,NA()) -> #N/A | AN25: =IF(AND($O25=1,UPPER(TRIM($E25))="MEDIUM"),$M25,NA()) -> #N/A | AO25: =IF(AND($O25=1,UPPER(TRIM($E25))="MEDIUM"),$N25,NA()) -> #N/A | AP25: =IF(AND($O25=1,UPPER(TRIM($E25))="LOW"),$F25,NA()) -> #N/A | AQ25: =IF(AND($O25=1,UPPER(TRIM($E25))="LOW"),$M25,NA()) -> #N/A | AR25: =IF(AND($O25=1,UPPER(TRIM($E25))="LOW"),$N25,NA()) -> #N/A | AS25: =IF($O25=1,$J25,NA()) -> 63 | AT25: =IF(AND($O25=1,ISNUMBER($K25)),$K25,NA()) -> #N/A
A26: INIT0025 | B26: Mobile App - Feature 25 | C26: Mobile App | D26: Planning | E26: Medium | F26: 1000000 | G26: 719294 | H26: 280706 | I26: 28.0706 | J26: 163 | M26: 0 | N26: 9 | O26: {=IFERROR(INDEX(Data!$AB$2:$AB$81,MATCH(A26,Data!$A$2:$A$81,0)),1)} -> 1 | P26: =IF(AND($O26=1,$M26=1),$L26,NA()) -> #N/A | Q26: =IF(AND($O26=1,$M26=1),$I26,NA()) -> #N/A | R26: =IF(AND($O26=1,$M26=0),$L26,NA()) | S26: =IF(AND($O26=1,$M26=0),$I26,NA()) -> 28.0706 | T26: =IF(AND($O26=1,UPPER(TRIM($E26))="CRITICAL"),$F26,NA()) -> #N/A | U26: =IF(AND($O26=1,UPPER(TRIM($E26))="CRITICAL"),$M26,NA()) -> #N/A | V26: =IF(AND($O26=1,UPPER(TRIM($E26))="CRITICAL"),MAX($N26,1),NA()) -> #N/A | W26: =IF(AND($O26=1,UPPER(TRIM($E26))="HIGH"),$F26,NA()) -> #N/A | X26: =IF(AND($O26=1,UPPER(TRIM($E26))="HIGH"),$M26,NA()) -> #N/A | Y26: =IF(AND($O26=1,UPPER(TRIM($E26))="HIGH"),MAX($N26,1),NA()) -> #N/A | Z26: =IF(AND($O26=1,UPPER(TRIM($E26))="MEDIUM"),$F26,NA()) -> 1000000 | AA26: =IF(AND($O26=1,UPPER(TRIM($E26))="MEDIUM"),$M26,NA()) -> 0 | AB26: =IF(AND($O26=1,UPPER(TRIM($E26))="MEDIUM"),MAX($N26,1),NA()) -> 9 | AC26: =IF(AND($O26=1,UPPER(TRIM($E26))="LOW"),$F26,NA()) -> #N/A | AD26: =IF(AND($O26=1,UPPER(TRIM($E26))="LOW"),$M26,NA()) -> #N/A | AE26: =IF(AND($O26=1,UPPER(TRIM($E26))="LOW"),MAX($N26,1),NA()) -> #N/A | AG26: =IF(AND($O26=1,UPPER(TRIM($E26))="CRITICAL"),$F26,NA()) -> #N/A | AH26: =IF(AND($O26=1,UPPER(TRIM($E26))="CRITICAL"),$M26,NA()) -> #N/A | AI26: =IF(AND($O26=1,UPPER(TRIM($E26))="CRITICAL"),$N26,NA()) -> #N/A | AJ26: =IF(AND($O26=1,UPPER(TRIM($E26))="HIGH"),$F26,NA()) -> #N/A | AK26: =IF(AND($O26=1,UPPER(TRIM($E26))="HIGH"),$M26,NA()) -> #N/A | AL26: =IF(AND($O26=1,UPPER(TRIM($E26))="HIGH"),$N26,NA()) -> #N/A | AM26: =IF(AND($O26=1,UPPER(TRIM($E26))="MEDIUM"),$F26,NA()) -> 1000000 | AN26: =IF(AND($O26=1,UPPER(TRIM($E26))="MEDIUM"),$M26,NA()) -> 0 | AO26: =IF(AND($O26=1,UPPER(TRIM($E26))="MEDIUM"),$N26,NA()) -> 9 | AP26: =IF(AND($O26=1,UPPER(TRIM($E26))="LOW"),$F26,NA()) -> #N/A | AQ26: =IF(AND($O26=1,UPPER(TRIM($E26))="LOW"),$M26,NA()) -> #N/A | AR26: =IF(AND($O26=1,UPPER(TRIM($E26))="LOW"),$N26,NA()) -> #N/A | AS26: =IF($O26=1,$J26,NA()) -> 163 | AT26: =IF(AND($O26=1,ISNUMBER($K26)),$K26,NA()) -> #N/A
A27: INIT0026 | B27: Data Infrastructure - Feature 26 | C27: Data Infrastructure | D27: Testing | E27: High | F27: 100000 | G27: 47945 | H27: 52055 | I27: 52.055 | J27: 34 | M27: 0 | N27: 5 | O27: {=IFERROR(INDEX(Data!$AB$2:$AB$81,MATCH(A27,Data!$A$2:$A$81,0)),1)} -> 1 | P27: =IF(AND($O27=1,$M27=1),$L27,NA()) -> #N/A | Q27: =IF(AND($O27=1,$M27=1),$I27,NA()) -> #N/A | R27: =IF(AND($O27=1,$M27=0),$L27,NA()) | S27: =IF(AND($O27=1,$M27=0),$I27,NA()) -> 52.055 | T27: =IF(AND($O27=1,UPPER(TRIM($E27))="CRITICAL"),$F27,NA()) -> #N/A | U27: =IF(AND($O27=1,UPPER(TRIM($E27))="CRITICAL"),$M27,NA()) -> #N/A | V27: =IF(AND($O27=1,UPPER(TRIM($E27))="CRITICAL"),MAX($N27,1),NA()) -> #N/A | W27: =IF(AND($O27=1,UPPER(TRIM($E27))="HIGH"),$F27,NA()) -> 100000 | X27: =IF(AND($O27=1,UPPER(TRIM($E27))="HIGH"),$M27,NA()) -> 0 | Y27: =IF(AND($O27=1,UPPER(TRIM($E27))="HIGH"),MAX($N27,1),NA()) -> 5 | Z27: =IF(AND($O27=1,UPPER(TRIM($E27))="MEDIUM"),$F27,NA()) -> #N/A | AA27: =IF(AND($O27=1,UPPER(TRIM($E27))="MEDIUM"),$M27,NA()) -> #N/A | AB27: =IF(AND($O27=1,UPPER(TRIM($E27))="MEDIUM"),MAX($N27,1),NA()) -> #N/A | AC27: =IF(AND($O27=1,UPPER(TRIM($E27))="LOW"),$F27,NA()) -> #N/A | AD27: =IF(AND($O27=1,UPPER(TRIM($E27))="LOW"),$M27,NA()) -> #N/A | AE27: =IF(AND($O27=1,UPPER(TRIM($E27))="LOW"),MAX($N27,1),NA()) -> #N/A | AG27: =IF(AND($O27=1,UPPER(TRIM($E27))="CRITICAL"),$F27,NA()) -> #N/A | AH27: =IF(AND($O27=1,UPPER(TRIM($E27))="CRITICAL"),$M27,NA()) -> #N/A | AI27: =IF(AND($O27=1,UPPER(TRIM($E27))="CRITICAL"),$N27,NA()) -> #N/A | AJ27: =IF(AND($O27=1,UPPER(TRIM($E27))="HIGH"),$F27,NA()) -> 100000 | AK27: =IF(AND($O27=1,UPPER(TRIM($E27))="HIGH"),$M27,NA()) -> 0 | AL27: =IF(AND($O27=1,UPPER(TRIM($E27))="HIGH"),$N27,NA()) -> 5 | AM27: =IF(AND($O27=1,UPPER(TRIM($E27))="MEDIUM"),$F27,NA()) -> #N/A | AN27: =IF(AND($O27=1,UPPER(TRIM($E27))="MEDIUM"),$M27,NA()) -> #N/A | AO27: =IF(AND($O27=1,UPPER(TRIM($E27))="MEDIUM"),$N27,NA()) -> #N/A | AP27: =IF(AND($O27=1,UPPER(TRIM($E27))="LOW"),$F27,NA()) -> #N/A | AQ27: =IF(AND($O27=1,UPPER(TRIM($E27))="LOW"),$M27,NA()) -> #N/A | AR27: =IF(AND($O27=1,UPPER(TRIM($E27))="LOW"),$N27,NA()) -> #N/A | AS27: =IF($O27=1,$J27,NA()) -> 34 | AT27: =IF(AND($O27=1,ISNUMBER($K27)),$K27,NA()) -> #N/A
A28: INIT0027 | B28: Analytics Suite - Feature 27 | C28: Analytics Suite | D28: On Hold | E28: High | F28: 500000 | G28: 500617 | H28: -617 | I28: -0.1234 | J28: 39 | M28: 0 | N28: 7 | O28: {=IFERROR(INDEX(Data!$AB$2:$AB$81,MATCH(A28,Data!$A$2:$A$81,0)),1)} -> 1 | P28: =IF(AND($O28=1,$M28=1),$L28,NA()) -> #N/A | Q28: =IF(AND($O28=1,$M28=1),$I28,NA()) -> #N/A | R28: =IF(AND($O28=1,$M28=0),$L28,NA()) | S28: =IF(AND($O28=1,$M28=0),$I28,NA()) -> -0.1234 | T28: =IF(AND($O28=1,UPPER(TRIM($E28))="CRITICAL"),$F28,NA()) -> #N/A | U28: =IF(AND($O28=1,UPPER(TRIM($E28))="CRITICAL"),$M28,NA()) -> #N/A | V28: =IF(AND($O28=1,UPPER(TRIM($E28))="CRITICAL"),MAX($N28,1),NA()) -> #N/A | W28: =IF(AND($O28=1,UPPER(TRIM($E28))="HIGH"),$F28,NA()) -> 500000 | X28: =IF(AND($O28=1,UPPER(TRIM($E28))="HIGH"),$M28,NA()) -> 0 | Y28: =IF(AND($O28=1,UPPER(TRIM($E28))="HIGH"),MAX($N28,1),NA()) -> 7 | Z28: =IF(AND($O28=1,UPPER(TRIM($E28))="MEDIUM"),$F28,NA()) -> #N/A | AA28: =IF(AND($O28=1,UPPER(TRIM($E28))="MEDIUM"),$M28,NA()) -> #N/A | AB28: =IF(AND($O28=1,UPPER(TRIM($E28))="MEDIUM"),MAX($N28,1),NA()) -> #N/A | AC28: =IF(AND($O28=1,UPPER(TRIM($E28))="LOW"),$F28,NA()) -> #N/A | AD28: =IF(AND($O28=1,UPPER(TRIM($E28))="LOW"),$M28,NA()) -> #N/A | AE28: =IF(AND($O28=1,UPPER(TRIM($E28))="LOW"),MAX($N28,1),NA()) -> #N/A | AG28: =IF(AND($O28=1,UPPER(TRIM($E28))="CRITICAL"),$F28,NA()) -> #N/A | AH28: =IF(AND($O28=1,UPPER(TRIM($E28))="CRITICAL"),$M28,NA()) -> #N/A | AI28: =IF(AND($O28=1,UPPER(TRIM($E28))="CRITICAL"),$N28,NA()) -> #N/A | AJ28: =IF(AND($O28=1,UPPER(TRIM($E28))="HIGH"),$F28,NA()) -> 500000 | AK28: =IF(AND($O28=1,UPPER(TRIM($E28))="HIGH"),$M28,NA()) -> 0 | AL28: =IF(AND($O28=1,UPPER(TRIM($E28))="HIGH"),$N28,NA()) -> 7 | AM28: =IF(AND($O28=1,UPPER(TRIM($E28))="MEDIUM"),$F28,NA()) -> #N/A | AN28: =IF(AND($O28=1,UPPER(TRIM($E28))="MEDIUM"),$M28,NA()) -> #N/A | AO28: =IF(AND($O28=1,UPPER(TRIM($E28))="MEDIUM"),$N28,NA()) -> #N/A | AP28: =IF(AND($O28=1,UPPER(TRIM($E28))="LOW"),$F28,NA()) -> #N/A | AQ28: =IF(AND($O28=1,UPPER(TRIM($E28))="LOW"),$M28,NA()) -> #N/A | AR28: =IF(AND($O28=1,UPPER(TRIM($E28))="LOW"),$N28,NA()) -> #N/A | AS28: =IF($O28=1,$J28,NA()) -> 39 | AT28: =IF(AND($O28=1,ISNUMBER($K28)),$K28,NA()) -> #N/A
A29: INIT0028 | B29: Analytics Suite - Feature 28 | C29: Analytics Suite | D29: Planning | E29: Critical | F29: 500000 | G29: 327725 | H29: 172275 | I29: 34.455 | J29: 59 | M29: 0 | N29: 4 | O29: {=IFERROR(INDEX(Data!$AB$2:$AB$81,MATCH(A29,Data!$A$2:$A$81,0)),1)} -> 1 | P29: =IF(AND($O29=1,$M29=1),$L29,NA()) -> #N/A | Q29: =IF(AND($O29=1,$M29=1),$I29,NA()) -> #N/A | R29: =IF(AND($O29=1,$M29=0),$L29,NA()) | S29: =IF(AND($O29=1,$M29=0),$I29,NA()) -> 34.455 | T29: =IF(AND($O29=1,UPPER(TRIM($E29))="CRITICAL"),$F29,NA()) -> 500000 | U29: =IF(AND($O29=1,UPPER(TRIM($E29))="CRITICAL"),$M29,NA()) -> 0 | V29: =IF(AND($O29=1,UPPER(TRIM($E29))="CRITICAL"),MAX($N29,1),NA()) -> 4 | W29: =IF(AND($O29=1,UPPER(TRIM($E29))="HIGH"),$F29,NA()) -> #N/A | X29: =IF(AND($O29=1,UPPER(TRIM($E29))="HIGH"),$M29,NA()) -> #N/A | Y29: =IF(AND($O29=1,UPPER(TRIM($E29))="HIGH"),MAX($N29,1),NA()) -> #N/A | Z29: =IF(AND($O29=1,UPPER(TRIM($E29))="MEDIUM"),$F29,NA()) -> #N/A | AA29: =IF(AND($O29=1,UPPER(TRIM($E29))="MEDIUM"),$M29,NA()) -> #N/A | AB29: =IF(AND($O29=1,UPPER(TRIM($E29))="MEDIUM"),MAX($N29,1),NA()) -> #N/A | AC29: =IF(AND($O29=1,UPPER(TRIM($E29))="LOW"),$F29,NA()) -> #N/A | AD29: =IF(AND($O29=1,UPPER(TRIM($E29))="LOW"),$M29,NA()) -> #N/A | AE29: =IF(AND($O29=1,UPPER(TRIM($E29))="LOW"),MAX($N29,1),NA()) -> #N/A | AG29: =IF(AND($O29=1,UPPER(TRIM($E29))="CRITICAL"),$F29,NA()) -> 500000 | AH29: =IF(AND($O29=1,UPPER(TRIM($E29))="CRITICAL"),$M29,NA()) -> 0 | AI29: =IF(AND($O29=1,UPPER(TRIM($E29))="CRITICAL"),$N29,NA()) -> 4 | AJ29: =IF(AND($O29=1,UPPER(TRIM($E29))="HIGH"),$F29,NA()) -> #N/A | AK29: =IF(AND($O29=1,UPPER(TRIM($E29))="HIGH"),$M29,NA()) -> #N/A | AL29: =IF(AND($O29=1,UPPER(TRIM($E29))="HIGH"),$N29,NA()) -> #N/A | AM29: =IF(AND($O29=1,UPPER(TRIM($E29))="MEDIUM"),$F29,NA()) -> #N/A | AN29: =IF(AND($O29=1,UPPER(TRIM($E29))="MEDIUM"),$M29,NA()) -> #N/A | AO29: =IF(AND($O29=1,UPPER(TRIM($E29))="MEDIUM"),$N29,NA()) -> #N/A | AP29: =IF(AND($O29=1,UPPER(TRIM($E29))="LOW"),$F29,NA()) -> #N/A | AQ29: =IF(AND($O29=1,UPPER(TRIM($E29))="LOW"),$M29,NA()) -> #N/A | AR29: =IF(AND($O29=1,UPPER(TRIM($E29))="LOW"),$N29,NA()) -> #N/A | AS29: =IF($O29=1,$J29,NA()) -> 59 | AT29: =IF(AND($O29=1,ISNUMBER($K29)),$K29,NA()) -> #N/A
A30: INIT0029 | B30: Data Infrastructure - Feature 29 | C30: Data Infrastructure | D30: In Development | E30: High | F30: 50000 | G30: 41499 | H30: 8501 | I30: 17.002 | J30: 137 | M30: 0 | N30: 7 | O30: {=IFERROR(INDEX(Data!$AB$2:$AB$81,MATCH(A30,Data!$A$2:$A$81,0)),1)} -> 1 | P30: =IF(AND($O30=1,$M30=1),$L30,NA()) -> #N/A | Q30: =IF(AND($O30=1,$M30=1),$I30,NA()) -> #N/A | R30: =IF(AND($O30=1,$M30=0),$L30,NA()) | S30: =IF(AND($O30=1,$M30=0),$I30,NA()) -> 17.002 | T30: =IF(AND($O30=1,UPPER(TRIM($E30))="CRITICAL"),$F30,NA()) -> #N/A | U30: =IF(AND($O30=1,UPPER(TRIM($E30))="CRITICAL"),$M30,NA()) -> #N/A | V30: =IF(AND($O30=1,UPPER(TRIM($E30))="CRITICAL"),MAX($N30,1),NA()) -> #N/A | W30: =IF(AND($O30=1,UPPER(TRIM($E30))="HIGH"),$F30,NA()) -> 50000 | X30: =IF(AND($O30=1,UPPER(TRIM($E30))="HIGH"),$M30,NA()) -> 0 | Y30: =IF(AND($O30=1,UPPER(TRIM($E30))="HIGH"),MAX($N30,1),NA()) -> 7 | Z30: =IF(AND($O30=1,UPPER(TRIM($E30))="MEDIUM"),$F30,NA()) -> #N/A | AA30: =IF(AND($O30=1,UPPER(TRIM($E30))="MEDIUM"),$M30,NA()) -> #N/A | AB30: =IF(AND($O30=1,UPPER(TRIM($E30))="MEDIUM"),MAX($N30,1),NA()) -> #N/A | AC30: =IF(AND($O30=1,UPPER(TRIM($E30))="LOW"),$F30,NA()) -> #N/A | AD30: =IF(AND($O30=1,UPPER(TRIM($E30))="LOW"),$M30,NA()) -> #N/A | AE30: =IF(AND($O30=1,UPPER(TRIM($E30))="LOW"),MAX($N30,1),NA()) -> #N/A | AG30: =IF(AND($O30=1,UPPER(TRIM($E30))="CRITICAL"),$F30,NA()) -> #N/A | AH30: =IF(AND($O30=1,UPPER(TRIM($E30))="CRITICAL"),$M30,NA()) -> #N/A | AI30: =IF(AND($O30=1,UPPER(TRIM($E30))="CRITICAL"),$N30,NA()) -> #N/A | AJ30: =IF(AND($O30=1,UPPER(TRIM($E30))="HIGH"),$F30,NA()) -> 50000 | AK30: =IF(AND($O30=1,UPPER(TRIM($E30))="HIGH"),$M30,NA()) -> 0 | AL30: =IF(AND($O30=1,UPPER(TRIM($E30))="HIGH"),$N30,NA()) -> 7 | AM30: =IF(AND($O30=1,UPPER(TRIM($E30))="MEDIUM"),$F30,NA()) -> #N/A | AN30: =IF(AND($O30=1,UPPER(TRIM($E30))="MEDIUM"),$M30,NA()) -> #N/A | AO30: =IF(AND($O30=1,UPPER(TRIM($E30))="MEDIUM"),$N30,NA()) -> #N/A | AP30: =IF(AND($O30=1,UPPER(TRIM($E30))="LOW"),$F30,NA()) -> #N/A | AQ30: =IF(AND($O30=1,UPPER(TRIM($E30))="LOW"),$M30,NA()) -> #N/A | AR30: =IF(AND($O30=1,UPPER(TRIM($E30))="LOW"),$N30,NA()) -> #N/A | AS30: =IF($O30=1,$J30,NA()) -> 137 | AT30: =IF(AND($O30=1,ISNUMBER($K30)),$K30,NA()) -> #N/A
A31: INIT0030 | B31: Data Infrastructure - Feature 30 | C31: Data Infrastructure | D31: Planning | E31: Critical | F31: 500000 | G31: 229458 | H31: 270542 | I31: 54.1084 | J31: 57 | M31: 0 | N31: 6 | O31: {=IFERROR(INDEX(Data!$AB$2:$AB$81,MATCH(A31,Data!$A$2:$A$81,0)),1)} -> 1 | P31: =IF(AND($O31=1,$M31=1),$L31,NA()) -> #N/A | Q31: =IF(AND($O31=1,$M31=1),$I31,NA()) -> #N/A | R31: =IF(AND($O31=1,$M31=0),$L31,NA()) | S31: =IF(AND($O31=1,$M31=0),$I31,NA()) -> 54.1084 | T31: =IF(AND($O31=1,UPPER(TRIM($E31))="CRITICAL"),$F31,NA()) -> 500000 | U31: =IF(AND($O31=1,UPPER(TRIM($E31))="CRITICAL"),$M31,NA()) -> 0 | V31: =IF(AND($O31=1,UPPER(TRIM($E31))="CRITICAL"),MAX($N31,1),NA()) -> 6 | W31: =IF(AND($O31=1,UPPER(TRIM($E31))="HIGH"),$F31,NA()) -> #N/A | X31: =IF(AND($O31=1,UPPER(TRIM($E31))="HIGH"),$M31,NA()) -> #N/A | Y31: =IF(AND($O31=1,UPPER(TRIM($E31))="HIGH"),MAX($N31,1),NA()) -> #N/A | Z31: =IF(AND($O31=1,UPPER(TRIM($E31))="MEDIUM"),$F31,NA()) -> #N/A | AA31: =IF(AND($O31=1,UPPER(TRIM($E31))="MEDIUM"),$M31,NA()) -> #N/A | AB31: =IF(AND($O31=1,UPPER(TRIM($E31))="MEDIUM"),MAX($N31,1),NA()) -> #N/A | AC31: =IF(AND($O31=1,UPPER(TRIM($E31))="LOW"),$F31,NA()) -> #N/A | AD31: =IF(AND($O31=1,UPPER(TRIM($E31))="LOW"),$M31,NA()) -> #N/A | AE31: =IF(AND($O31=1,UPPER(TRIM($E31))="LOW"),MAX($N31,1),NA()) -> #N/A | AG31: =IF(AND($O31=1,UPPER(TRIM($E31))="CRITICAL"),$F31,NA()) -> 500000 | AH31: =IF(AND($O31=1,UPPER(TRIM($E31))="CRITICAL"),$M31,NA()) -> 0 | AI31: =IF(AND($O31=1,UPPER(TRIM($E31))="CRITICAL"),$N31,NA()) -> 6 | AJ31: =IF(AND($O31=1,UPPER(TRIM($E31))="HIGH"),$F31,NA()) -> #N/A | AK31: =IF(AND($O31=1,UPPER(TRIM($E31))="HIGH"),$M31,NA()) -> #N/A | AL31: =IF(AND($O31=1,UPPER(TRIM($E31))="HIGH"),$N31,NA()) -> #N/A | AM31: =IF(AND($O31=1,UPPER(TRIM($E31))="MEDIUM"),$F31,NA()) -> #N/A | AN31: =IF(AND($O31=1,UPPER(TRIM($E31))="MEDIUM"),$M31,NA()) -> #N/A | AO31: =IF(AND($O31=1,UPPER(TRIM($E31))="MEDIUM"),$N31,NA()) -> #N/A | AP31: =IF(AND($O31=1,UPPER(TRIM($E31))="LOW"),$F31,NA()) -> #N/A | AQ31: =IF(AND($O31=1,UPPER(TRIM($E31))="LOW"),$M31,NA()) -> #N/A | AR31: =IF(AND($O31=1,UPPER(TRIM($E31))="LOW"),$N31,NA()) -> #N/A | AS31: =IF($O31=1,$J31,NA()) -> 57 | AT31: =IF(AND($O31=1,ISNUMBER($K31)),$K31,NA()) -> #N/A
A32: INIT0031 | B32: API - Feature 31 | C32: API | D32: Launched | E32: Medium | F32: 500000 | G32: 282241 | H32: 217759 | I32: 43.5518 | J32: 170 | K32: 168 | L32: -2 | M32: 1 | N32: 3 | O32: {=IFERROR(INDEX(Data!$AB$2:$AB$81,MATCH(A32,Data!$A$2:$A$81,0)),1)} -> 1 | P32: =IF(AND($O32=1,$M32=1),$L32,NA()) -> -2 | Q32: =IF(AND($O32=1,$M32=1),$I32,NA()) -> 43.5518 | R32: =IF(AND($O32=1,$M32=0),$L32,NA()) -> #N/A | S32: =IF(AND($O32=1,$M32=0),$I32,NA()) -> #N/A | T32: =IF(AND($O32=1,UPPER(TRIM($E32))="CRITICAL"),$F32,NA()) -> #N/A | U32: =IF(AND($O32=1,UPPER(TRIM($E32))="CRITICAL"),$M32,NA()) -> #N/A | V32: =IF(AND($O32=1,UPPER(TRIM($E32))="CRITICAL"),MAX($N32,1),NA()) -> #N/A | W32: =IF(AND($O32=1,UPPER(TRIM($E32))="HIGH"),$F32,NA()) -> #N/A | X32: =IF(AND($O32=1,UPPER(TRIM($E32))="HIGH"),$M32,NA()) -> #N/A | Y32: =IF(AND($O32=1,UPPER(TRIM($E32))="HIGH"),MAX($N32,1),NA()) -> #N/A | Z32: =IF(AND($O32=1,UPPER(TRIM($E32))="MEDIUM"),$F32,NA()) -> 500000 | AA32: =IF(AND($O32=1,UPPER(TRIM($E32))="MEDIUM"),$M32,NA()) -> 1 | AB32: =IF(AND($O32=1,UPPER(TRIM($E32))="MEDIUM"),MAX($N32,1),NA()) -> 3 | AC32: =IF(AND($O32=1,UPPER(TRIM($E32))="LOW"),$F32,NA()) -> #N/A | AD32: =IF(AND($O32=1,UPPER(TRIM($E32))="LOW"),$M32,NA()) -> #N/A | AE32: =IF(AND($O32=1,UPPER(TRIM($E32))="LOW"),MAX($N32,1),NA()) -> #N/A | AG32: =IF(AND($O32=1,UPPER(TRIM($E32))="CRITICAL"),$F32,NA()) -> #N/A | AH32: =IF(AND($O32=1,UPPER(TRIM($E32))="CRITICAL"),$M32,NA()) -> #N/A | AI32: =IF(AND($O32=1,UPPER(TRIM($E32))="CRITICAL"),$N32,NA()) -> #N/A | AJ32: =IF(AND($O32=1,UPPER(TRIM($E32))="HIGH"),$F32,NA()) -> #N/A | AK32: =IF(AND($O32=1,UPPER(TRIM($E32))="HIGH"),$M32,NA()) -> #N/A | AL32: =IF(AND($O32=1,UPPER(TRIM($E32))="HIGH"),$N32,NA()) -> #N/A | AM32: =IF(AND($O32=1,UPPER(TRIM($E32))="MEDIUM"),$F32,NA()) -> 500000 | AN32: =IF(AND($O32=1,UPPER(TRIM($E32))="MEDIUM"),$M32,NA()) -> 1 | AO32: =IF(AND($O32=1,UPPER(TRIM($E32))="MEDIUM"),$N32,NA()) -> 3 | AP32: =IF(AND($O32=1,UPPER(TRIM($E32))="LOW"),$F32,NA()) -> #N/A | AQ32: =IF(AND($O32=1,UPPER(TRIM($E32))="LOW"),$M32,NA()) -> #N/A | AR32: =IF(AND($O32=1,UPPER(TRIM($E32))="LOW"),$N32,NA()) -> #N/A | AS32: =IF($O32=1,$J32,NA()) -> 170 | AT32: =IF(AND($O32=1,ISNUMBER($K32)),$K32,NA()) -> 168
A33: INIT0032 | B33: Analytics Suite - Feature 32 | C33: Analytics Suite | D33: Launched | E33: High | F33: 250000 | G33: 203867 | H33: 46133 | I33: 18.4532 | J33: 49 | K33: 60 | L33: 11 | M33: 0 | N33: 10 | O33: {=IFERROR(INDEX(Data!$AB$2:$AB$81,MATCH(A33,Data!$A$2:$A$81,0)),1)} -> 1 | P33: =IF(AND($O33=1,$M33=1),$L33,NA()) -> #N/A | Q33: =IF(AND($O33=1,$M33=1),$I33,NA()) -> #N/A | R33: =IF(AND($O33=1,$M33=0),$L33,NA()) -> 11 | S33: =IF(AND($O33=1,$M33=0),$I33,NA()) -> 18.4532 | T33: =IF(AND($O33=1,UPPER(TRIM($E33))="CRITICAL"),$F33,NA()) -> #N/A | U33: =IF(AND($O33=1,UPPER(TRIM($E33))="CRITICAL"),$M33,NA()) -> #N/A | V33: =IF(AND($O33=1,UPPER(TRIM($E33))="CRITICAL"),MAX($N33,1),NA()) -> #N/A | W33: =IF(AND($O33=1,UPPER(TRIM($E33))="HIGH"),$F33,NA()) -> 250000 | X33: =IF(AND($O33=1,UPPER(TRIM($E33))="HIGH"),$M33,NA()) -> 0 | Y33: =IF(AND($O33=1,UPPER(TRIM($E33))="HIGH"),MAX($N33,1),NA()) -> 10 | Z33: =IF(AND($O33=1,UPPER(TRIM($E33))="MEDIUM"),$F33,NA()) -> #N/A | AA33: =IF(AND($O33=1,UPPER(TRIM($E33))="MEDIUM"),$M33,NA()) -> #N/A | AB33: =IF(AND($O33=1,UPPER(TRIM($E33))="MEDIUM"),MAX($N33,1),NA()) -> #N/A | AC33: =IF(AND($O33=1,UPPER(TRIM($E33))="LOW"),$F33,NA()) -> #N/A | AD33: =IF(AND($O33=1,UPPER(TRIM($E33))="LOW"),$M33,NA()) -> #N/A | AE33: =IF(AND($O33=1,UPPER(TRIM($E33))="LOW"),MAX($N33,1),NA()) -> #N/A | AG33: =IF(AND($O33=1,UPPER(TRIM($E33))="CRITICAL"),$F33,NA()) -> #N/A | AH33: =IF(AND($O33=1,UPPER(TRIM($E33))="CRITICAL"),$M33,NA()) -> #N/A | AI33: =IF(AND($O33=1,UPPER(TRIM($E33))="CRITICAL"),$N33,NA()) -> #N/A | AJ33: =IF(AND($O33=1,UPPER(TRIM($E33))="HIGH"),$F33,NA()) -> 250000 | AK33: =IF(AND($O33=1,UPPER(TRIM($E33))="HIGH"),$M33,NA()) -> 0 | AL33: =IF(AND($O33=1,UPPER(TRIM($E33))="HIGH"),$N33,NA()) -> 10 | AM33: =IF(AND($O33=1,UPPER(TRIM($E33))="MEDIUM"),$F33,NA()) -> #N/A | AN33: =IF(AND($O33=1,UPPER(TRIM($E33))="MEDIUM"),$M33,NA()) -> #N/A | AO33: =IF(AND($O33=1,UPPER(TRIM($E33))="MEDIUM"),$N33,NA()) -> #N/A | AP33: =IF(AND($O33=1,UPPER(TRIM($E33))="LOW"),$F33,NA()) -> #N/A | AQ33: =IF(AND($O33=1,UPPER(TRIM($E33))="LOW"),$M33,NA()) -> #N/A | AR33: =IF(AND($O33=1,UPPER(TRIM($E33))="LOW"),$N33,NA()) -> #N/A | AS33: =IF($O33=1,$J33,NA()) -> 49 | AT33: =IF(AND($O33=1,ISNUMBER($K33)),$K33,NA()) -> 60
A34: INIT0033 | B34: Mobile App - Feature 33 | C34: Mobile App | D34: In Development | E34: Critical | F34: 500000 | G34: 445416 | H34: 54584 | I34: 10.9168 | J34: 110 | M34: 0 | N34: 4 | O34: {=IFERROR(INDEX(Data!$AB$2:$AB$81,MATCH(A34,Data!$A$2:$A$81,0)),1)} -> 1 | P34: =IF(AND($O34=1,$M34=1),$L34,NA()) -> #N/A | Q34: =IF(AND($O34=1,$M34=1),$I34,NA()) -> #N/A | R34: =IF(AND($O34=1,$M34=0),$L34,NA()) | S34: =IF(AND($O34=1,$M34=0),$I34,NA()) -> 10.9168 | T34: =IF(AND($O34=1,UPPER(TRIM($E34))="CRITICAL"),$F34,NA()) -> 500000 | U34: =IF(AND($O34=1,UPPER(TRIM($E34))="CRITICAL"),$M34,NA()) -> 0 | V34: =IF(AND($O34=1,UPPER(TRIM($E34))="CRITICAL"),MAX($N34,1),NA()) -> 4 | W34: =IF(AND($O34=1,UPPER(TRIM($E34))="HIGH"),$F34,NA()) -> #N/A | X34: =IF(AND($O34=1,UPPER(TRIM($E34))="HIGH"),$M34,NA()) -> #N/A | Y34: =IF(AND($O34=1,UPPER(TRIM($E34))="HIGH"),MAX($N34,1),NA()) -> #N/A | Z34: =IF(AND($O34=1,UPPER(TRIM($E34))="MEDIUM"),$F34,NA()) -> #N/A | AA34: =IF(AND($O34=1,UPPER(TRIM($E34))="MEDIUM"),$M34,NA()) -> #N/A | AB34: =IF(AND($O34=1,UPPER(TRIM($E34))="MEDIUM"),MAX($N34,1),NA()) -> #N/A | AC34: =IF(AND($O34=1,UPPER(TRIM($E34))="LOW"),$F34,NA()) -> #N/A | AD34: =IF(AND($O34=1,UPPER(TRIM($E34))="LOW"),$M34,NA()) -> #N/A | AE34: =IF(AND($O34=1,UPPER(TRIM($E34))="LOW"),MAX($N34,1),NA()) -> #N/A | AG34: =IF(AND($O34=1,UPPER(TRIM($E34))="CRITICAL"),$F34,NA()) -> 500000 | AH34: =IF(AND($O34=1,UPPER(TRIM($E34))="CRITICAL"),$M34,NA()) -> 0 | AI34: =IF(AND($O34=1,UPPER(TRIM($E34))="CRITICAL"),$N34,NA()) -> 4 | AJ34: =IF(AND($O34=1,UPPER(TRIM($E34))="HIGH"),$F34,NA()) -> #N/A | AK34: =IF(AND($O34=1,UPPER(TRIM($E34))="HIGH"),$M34,NA()) -> #N/A | AL34: =IF(AND($O34=1,UPPER(TRIM($E34))="HIGH"),$N34,NA()) -> #N/A | AM34: =IF(AND($O34=1,UPPER(TRIM($E34))="MEDIUM"),$F34,NA()) -> #N/A | AN34: =IF(AND($O34=1,UPPER(TRIM($E34))="MEDIUM"),$M34,NA()) -> #N/A | AO34: =IF(AND($O34=1,UPPER(TRIM($E34))="MEDIUM"),$N34,NA()) -> #N/A | AP34: =IF(AND($O34=1,UPPER(TRIM($E34))="LOW"),$F34,NA()) -> #N/A | AQ34: =IF(AND($O34=1,UPPER(TRIM($E34))="LOW"),$M34,NA()) -> #N/A | AR34: =IF(AND($O34=1,UPPER(TRIM($E34))="LOW"),$N34,NA()) -> #N/A | AS34: =IF($O34=1,$J34,NA()) -> 110 | AT34: =IF(AND($O34=1,ISNUMBER($K34)),$K34,NA()) -> #N/A
